Region code,Region label,gross value,businesses
101021007,Braidwood,90.42,502
101021008,Karabar,0,0
101021009,Queanbeyan,0.39,2
101021010,Queanbeyan - East,0,0
101021012,Queanbeyan West - Jerrabomberra,0,0
101021610,Googong,0.27,3
101021611,Queanbeyan Surrounds,61.52,368
101031013,Bombala,139.38,485
101031014,Cooma,16.84,89
101031015,Cooma Surrounds,179.07,678
101031016,Jindabyne - Berridale,74.49,390
101041017,Batemans Bay,0,0
101041018,Batemans Bay - South,0,0
101041019,Bega - Tathra,77.65,107
101041020,Bega-Eden Hinterland,227.02,667
101041021,Broulee - Tomakin,0.09,2
101041022,Deua - Wadbilliga,6.75,2
101041023,Eden,1.57,9
101041024,Eurobodalla Hinterland,53.33,153
101041025,Merimbula - Tura Beach,1.13,13
101041026,Moruya - Tuross Head,5.23,51
101041027,Narooma - Bermagui,11.21,53
101051539,Goulburn,9.59,43
101051540,Goulburn Surrounds,540.59,2537
101061541,Yass,16.67,85
101061542,Yass Surrounds,399.73,1885
101061543,Young,194.81,538
101061544,Young Surrounds,1443.76,3026
102011028,Avoca Beach - Copacabana,0,0
102011029,Box Head - MacMasters Beach,0.75,4
102011030,Calga - Kulnura,557.76,626
102011031,Erina - Green Point,3.62,7
102011032,Gosford - Springfield,0,0
102011033,Kariong,0,0
102011034,Kincumber - Picketts Valley,1.75,4
102011035,Narara,0,0
102011036,Niagara Park - Lisarow,0.12,5
102011037,Point Clare - Koolewong,0,0
102011038,Saratoga - Davistown,0,0
102011039,Terrigal - North Avoca,0,0
102011040,Umina - Booker Bay - Patonga,0,0
102011041,Wamberal - Forresters Beach,2.69,4
102011042,Woy Woy - Blackwall,0,0
102011043,Wyoming,0,0
102021044,Bateau Bay - Killarney Vale,0,0
102021045,Blue Haven - San Remo,0.72,4
102021046,Budgewoi - Buff Point - Halekulani,0,0
102021047,Chittaway Bay - Tumbi Umbi,0,0
102021048,Gorokan - Kanwal - Charmhaven,0.87,2
102021049,Jilliby - Yarramalong,26.18,68
102021050,Lake Munmorah - Mannering Park,25.65,18
102021051,Ourimbah - Fountaindale,7.17,19
102021052,Summerland Point - Gwandalan,0,0
102021053,The Entrance,0,0
102021054,Toukley - Norah Head,0,0
102021055,Tuggerah - Kangy Angy,9.58,20
102021056,Warnervale - Wadalba,0.4,4
102021057,Wyong,0,0
103011059,Bathurst - East,19.75,79
103011060,Bathurst Surrounds,187.52,1128
103011061,Oberon,120.17,664
103011612,Bathurst - South,16.63,51
103011613,Bathurst - West,17.45,51
103021062,Condobolin,1668.49,2920
103021063,Cowra,137.12,425
103021064,Cowra Surrounds,756.99,2249
103021065,Forbes,1072.14,2048
103021066,Grenfell,664.31,1645
103021067,Parkes (NSW),91.59,242
103021068,Parkes Surrounds,686.83,1849
103021069,West Wyalong,1818.77,2370
103031070,Lithgow,1.63,12
103031071,Lithgow Surrounds,94.3,352
103031072,Mudgee,12.76,159
103031073,Mudgee Surrounds - East,62.24,396
103031074,Mudgee Surrounds - West,320.57,1872
103031075,Wollangambe - Wollemi,0,0
103041076,Blayney,209.48,1309
103041077,Orange,17.39,88
103041078,Orange - North,11.81,26
103041079,Orange Surrounds,705,2763
104011080,Grafton,11.42,97
104011081,Grafton Surrounds,298.68,1089
104011082,Maclean - Yamba - Iluka,45.76,300
104021083,Bellingen,90.33,81
104021084,Coffs Harbour - North,51.65,124
104021085,Coffs Harbour - South,14.55,28
104021086,Coramba - Nana Glen - Bucca,75.42,175
104021087,Dorrigo,118.23,438
104021088,Korora - Emerald Beach,217.55,65
104021089,Sawtell - Boambee,73.09,122
104021090,Urunga,8.22,34
104021091,Woolgoolga - Arrawarra,583.81,452
105011092,Bourke - Brewarrina,357.7,447
105011093,Cobar,177.33,419
105011094,Coonamble,1229.9,1587
105011095,Nyngan - Warren,1304.75,1402
105011096,Walgett - Lightning Ridge,2182.93,1511
105021097,Broken Hill,12.18,37
105021098,Far West,412.16,608
105031099,Coonabarabran,541.39,2158
105031100,Dubbo - East,4.97,59
105031101,Dubbo - South,14.48,94
105031102,Dubbo - West,10.8,74
105031103,Dubbo Surrounds,319.58,1260
105031104,Gilgandra,741.42,1984
105031105,Narromine,1392.67,2026
105031106,Wellington,370.76,1501
106011107,Branxton - Greta - Pokolbin,82.89,399
106011108,Cessnock,0.38,37
106011109,Cessnock Surrounds,7.37,138
106011110,Dungog,153.29,579
106011111,Kurri Kurri - Abermain,0,4
106011112,Singleton,31.1,160
106011113,Singleton Surrounds,80.4,443
106021114,Maitland,5.1,18
106021116,Maitland - North,73.62,134
106021614,East Maitland - Metford,0,0
106021615,Rutherford (North) - Aberglasslyn,16.61,56
106021616,Rutherford (South) - Telarah,1.12,9
106021617,Tenambit - East Maitland,2.86,35
106021618,Thornton - Millers Forest,6.53,22
106031119,Anna Bay,0.03,18
106031120,Lemon Tree Passage - Tanilba Bay,0,0
106031121,Nelson Bay Peninsula,0,0
106031122,Raymond Terrace,0.03,3
106031123,Seaham - Woodville,64.52,159
106031124,Tea Gardens - Hawks Nest,2.37,6
106031125,Williamtown - Medowie - Karuah,58.27,39
106041126,Muswellbrook,34.88,78
106041127,Muswellbrook Surrounds,89.34,468
106041128,Scone,26.89,155
106041129,Scone Surrounds,480.62,1289
107011131,Dapto - Avondale,4.16,23
107011132,Horsley - Kembla Grange,0.27,7
107011133,Port Kembla Industrial,0,0
107011134,Unanderra - Mount Kembla,0.03,2
107011545,Berkeley - Lake Heights - Cringila,0,1
107011546,Port Kembla - Warrawong,0,0
107011547,Windang - Primbee,0,0
107021135,Illawarra Catchment Reserve,0,0
107031136,Albion Park - Macquarie Pass,22.56,41
107031137,Albion Park Rail,2.52,3
107031138,Kiama,0.94,10
107031139,Kiama Downs - Minnamurra,0,0
107031140,Kiama Hinterland - Gerringong,80.19,136
107031141,Shellharbour - Flinders,4.78,18
107031142,Shellharbour - Oak Flats,0,0
107031143,Warilla,0,0
107041144,Balgownie - Fairy Meadow,0,0
107041145,Corrimal - Tarrawanna - Bellambi,0,0
107041146,Figtree - Keiraville,0,0
107041147,Helensburgh,4.82,12
107041148,Thirroul - Austinmer - Coalcliff,0,0
107041150,Woonona - Bulli - Russell Vale,0,0
107041548,Wollongong - East,0,0
107041549,Wollongong - West,0,0
108011151,Bulahdelah - Stroud,207.53,278
108011152,Forster,0,0
108011153,Forster-Tuncurry Surrounds,4.28,53
108011154,Tuncurry,0,0
108021155,Kempsey,43.69,125
108021156,Kempsey Surrounds,193,600
108021157,Macksville - Scotts Head,5.17,35
108021158,Nambucca Heads,5.4,4
108021159,Nambucca Heads Surrounds,161.84,479
108021160,South West Rocks,0,0
108031161,Lord Howe Island,0,0
108041162,Laurieton - Bonny Hills,23.7,54
108041164,Port Macquarie - West,0.18,13
108041165,Port Macquarie Surrounds,155.6,590
108041166,Wauchope,12.22,77
108041619,Port Macquarie - East,0,0
108041620,Port Macquarie - South,0,2
108051167,Gloucester,132.01,419
108051168,Old Bar - Manning Point - Red Head,44.82,50
108051169,Taree,39.05,77
108051170,Taree Surrounds,288.91,674
108051171,Wingham,19.51,26
109011172,Albury - East,2.98,19
109011173,Albury - North,0,0
109011174,Albury - South,3.07,14
109011175,Albury Surrounds,990.91,3228
109011176,Lavington,0,0
109021177,Hay,314.85,356
109021178,Wentworth - Buronga,505.9,617
109021179,Wentworth-Balranald Region,1264.28,1247
109031180,Corowa,303.23,84
109031181,Corowa Surrounds,1515.41,1861
109031182,Deniliquin,106.33,357
109031183,Deniliquin Surrounds,2147.6,3633
109031184,Moama,34.74,223
109031185,Tocumwal - Finley - Jerilderie,1343.77,2058
110011186,Armidale,40.37,178
110011187,Armidale Surrounds - North,431.96,1029
110011188,Armidale Surrounds - South,159.61,607
110011189,Walcha,430.68,933
110021190,Glen Innes,368.44,1069
110021191,Inverell,35.3,133
110021192,Inverell Surrounds - East,411.99,1383
110021193,Inverell Surrounds - West,507.05,1973
110021194,Tenterfield,253.46,989
110031195,Moree,172.91,160
110031196,Moree Surrounds,4168.81,2666
110031197,Narrabri,25.03,147
110031198,Narrabri Surrounds,1569.27,1652
110041199,Gunnedah,9.44,48
110041200,Gunnedah Surrounds,1123.77,1885
110041201,Quirindi,1259.01,1763
110041202,Tamworth - East,24.66,145
110041203,Tamworth - North,19.14,54
110041204,Tamworth - West,19.7,45
110041205,Tamworth Surrounds,837.49,2861
111011206,Belmont - Bennetts Green,0,0
111011207,Belmont South - Blacksmiths,0,0
111011208,Charlestown - Dudley,0,0
111011209,Glendale - Cardiff - Hillsborough,2.56,4
111011210,Mount Hutton - Windale,0,0
111011211,Redhead,0,0
111011212,Swansea - Caves Beach,0,0
111011213,Valentine - Eleebana,0,0
111011214,Warners Bay - Boolaroo,0,0
111021215,Bolton Point - Teralba,0,0
111021216,Bonnells Bay - Silverwater,0,0
111021217,Edgeworth - Cameron Park,0,0
111021218,Morisset - Cooranbong,89.59,40
111021219,Toronto - Awaba,0,0
111021220,Wangi Wangi - Rathmines,0,0
111021221,West Wallsend - Barnsley - Killingworth,0.03,3
111031222,Adamstown - Kotara,0,0
111031223,Beresfield - Hexham,1.06,17
111031224,Hamilton - Broadmeadow,0,0
111031225,Lambton - New Lambton,0,0
111031226,Maryland - Fletcher - Minmi,0,0
111031227,Mayfield - Warabrook,0,0
111031228,Merewether - The Junction,0,1
111031229,Newcastle - Cooks Hill,0,0
111031230,Newcastle Port - Kooragang,0,0
111031231,Shortland - Jesmond,0,0
111031232,Stockton - Fullerton Cove,0.21,6
111031233,Wallsend - Elermore Vale,0,0
111031234,Waratah - North Lambton,0.72,5
111031235,Wickham - Carrington - Tighes Hill,0,0
112011236,Ballina,0.93,7
112011237,Ballina Surrounds,442.28,1145
112011238,Bangalow,85.92,379
112011239,Brunswick Heads - Ocean Shores,2.55,22
112011240,Byron Bay,4.76,30
112011241,Evans Head,33.55,166
112011242,Lennox Head - Skennars Head,1.85,15
112011243,Mullumbimby,36.64,181
112021244,Casino,39,108
112021245,Casino Surrounds,308.48,1005
112021246,Goonellabah,5.06,6
112021247,Kyogle,142.58,629
112021248,Lismore,15.49,70
112021249,Lismore Surrounds,387.07,1553
112031250,Kingscliff - Fingal Head,42.2,76
112031251,Murwillumbah,6.44,51
112031252,Murwillumbah Surrounds,199.93,603
112031253,Pottsville,126.94,205
112031254,Tweed Heads,15.16,77
112031550,Banora Point,0,0
112031551,Terranora - North Tumbulgum,3.02,30
112031552,Tweed Heads South,0,0
113011256,Griffith (NSW),166.43,280
113011257,Griffith Surrounds,5602.82,5081
113011258,Leeton,640.93,656
113011259,Narrandera,1350.46,1533
113021260,Tumbarumba,295.78,901
113021261,Tumut,13.71,69
113021262,Tumut Surrounds,356.93,751
113031263,Cootamundra,403.71,784
113031264,Gundagai,270.81,848
113031265,Junee,567.72,1327
113031266,Temora,1116.88,1701
113031267,Wagga Wagga - East,15.81,54
113031268,Wagga Wagga - North,2.02,50
113031269,Wagga Wagga - South,4.42,9
113031270,Wagga Wagga - West,23.4,122
113031271,Wagga Wagga Surrounds,2422.85,5895
114011272,Berry - Kangaroo Valley,83.95,233
114011273,Callala Bay - Currarong,0,0
114011274,Culburra Beach,129.86,88
114011275,Ettrema - Sassafras - Budawang,0.41,15
114011276,Huskisson - Vincentia,0,0
114011277,North Nowra - Bomaderry,8.01,81
114011278,Nowra,52.67,29
114011279,St Georges Basin - Erowal Bay,0.09,2
114011280,Sussex Inlet - Berrara,0,0
114011281,Tomerong - Wandandian - Woollamia,6.97,39
114011282,Ulladulla,20.69,17
114011283,Ulladulla Surrounds,12.92,89
114021284,Bowral,12.47,21
114021285,Hill Top - Colo Vale,2.43,33
114021286,Mittagong,1.05,16
114021287,Moss Vale - Berrima,6.64,97
114021288,Robertson - Fitzroy Falls,53.48,290
114021289,Southern Highlands,58.51,231
115011290,Baulkham Hills - East,0,0
115011291,Baulkham Hills (West) - Bella Vista,0,0
115011294,Glenhaven,0,0
115011296,West Pennant Hills,0,0
115011553,Castle Hill - Central,0,0
115011554,Castle Hill - East,0,0
115011555,Castle Hill - North,0,0
115011556,Castle Hill - South,0,0
115011557,Castle Hill - West,0,0
115011558,Cherrybrook,0,0
115011621,Kellyville - East,0,0
115011622,Kellyville - West,0,0
115021297,Dural - Kenthurst - Wisemans Ferry,386.04,586
115021298,Galston - Laughtondale,37.77,93
115031299,Bilpin - Colo - St Albans,10.74,113
115031300,Kurrajong Heights - Ebenezer,356.28,540
115041301,Pitt Town - McGraths Hill,287.35,167
115041623,Box Hill - Nelson,2.35,8
115041624,North Kellyville,1.97,5
115041625,Rouse Hill - Beaumont Hills,0,0
116011303,Blacktown (East) - Kings Park,0,0
116011304,Blacktown (North) - Marayong,1.36,5
116011306,Doonside - Woodcroft,0,0
116011307,Lalor Park - Kings Langley,0,0
116011560,Blacktown - South,0,0
116011561,Blacktown - West,0,0
116011626,Seven Hills - Prospect,0,0
116011627,Toongabbie - West,0,0
116021309,Glenwood,0,0
116021562,Acacia Gardens,0,0
116021563,Quakers Hill,0.4,4
116021628,Kellyville Ridge - The Ponds,0,0
116021629,Marsden Park - Shanes Park,53.29,48
116021630,Riverstone,9.98,23
116021631,Schofields (West) - Colebee,3.52,17
116021632,Schofields - East,4.59,3
116021633,Stanhope Gardens - Parklea,0,0
116031313,Bidwill - Hebersham - Emerton,0,0
116031314,Glendenning - Dean Park,0,0
116031315,Hassall Grove - Plumpton,0,0
116031316,Lethbridge Park - Tregear,0,0
116031317,Mount Druitt - Whalan,0,0
116031318,Prospect Reservoir,0.72,2
116031319,Rooty Hill - Minchinbury,0,0
117011320,Banksmeadow,0,0
117011321,Botany,0,0
117011323,Pagewood - Hillsdale - Daceyville,0,0
117011324,Port Botany Industrial,0,0
117011325,Sydney Airport,0,0
117011634,Eastlakes,0,0
117011635,Mascot,0,0
117021327,Petersham - Stanmore,0,0
117021328,Sydenham - Tempe - St Peters,0,0
117021636,Marrickville - North,0,0
117021637,Marrickville - South,0,0
117031329,Darlinghurst,0,0
117031330,Erskineville - Alexandria,0,0
117031331,Glebe - Forest Lodge,0,0
117031333,Potts Point - Woolloomooloo,0,0
117031336,Surry Hills,0,0
117031638,Camperdown - Darlington,0,0
117031639,Chippendale,0,0
117031640,Newtown (NSW),0,0
117031641,Pyrmont,0,0
117031642,Redfern,0,0
117031643,Rosebery - Beaconsfield,0,0
117031644,Sydney (North) - Millers Point,0.4,4
117031645,Sydney (South) - Haymarket,0,0
117031646,Ultimo,0,0
117031647,Waterloo,0,0
117031648,Zetland,0,0
118011339,Bondi - Tamarama - Bronte,0,0
118011340,Bondi Beach - North Bondi,0,0
118011341,Bondi Junction - Waverly,0,0
118011342,Centennial Park,0,0
118011344,Dover Heights,0,0
118011345,Paddington - Moore Park,0,0
118011346,Rose Bay - Vaucluse - Watsons Bay,0,0
118011347,Woollahra,0,0
118011649,Bellevue Hill,0,0
118011650,Double Bay - Darling Point,36,6
118021564,Kensington (NSW),0,0
118021565,Kingsford,0,0
118021566,Maroubra - North,0,0
118021567,Maroubra - South,0,0
118021568,Maroubra - West,0,0
118021569,Randwick - North,0,0
118021570,Randwick - South,0,0
118021651,Coogee - Clovelly,0,0
118021652,Malabar - La Perouse,3.32,4
118021653,Matraville - Chifley,4.68,8
118021654,South Coogee,0,0
119011354,Bass Hill - Georges Hall,0,0
119011355,Chullora,0,0
119011356,Condell Park,0,0
119011358,Padstow,0,0
119011360,Revesby,0,0
119011361,Yagoona - Birrong,0,0
119011571,Bankstown - North,0,0
119011572,Bankstown - South,0,0
119011655,Greenacre - North,0,0
119011656,Greenacre - South,0,0
119011657,Panania (North) - Milperra,0,0
119011658,Panania (South) - Picnic Point,0,0
119021362,Belmore - Belfield,0.45,2
119021366,Punchbowl,0,0
119021367,Roselands,0,0
119021573,Lakemba,0.36,6
119021574,Wiley Park,0,0
119021659,Campsie - North,0,0
119021660,Campsie - South,0,0
119021661,Canterbury - South,0,0
119021662,Earlwood,0,0
119021663,Kingsgrove - North,0,0
119031370,Narwee - Beverly Hills,0,0
119031371,Oatley - Hurstville Grove,0,0
119031372,Peakhurst - Lugarno,0,0
119031373,Riverwood,0,0
119031374,South Hurstville - Blakehurst,0,0
119031664,Hurstville - Central,0,0
119031665,Hurstville - North,0,0
119031666,Mortdale - Oatley,0,0
119031667,Penshurst,0,0
119041377,Kingsgrove (South) - Bardwell Park,0,0
119041378,Kogarah,0,0
119041379,Kogarah Bay - Carlton - Allawah,0,0
119041380,Monterey - Brighton-le-Sands - Kyeemagh,0.72,12
119041381,Rockdale - Banksia,0,0
119041382,Sans Souci - Ramsgate,0,0
119041668,Arncliffe - Bardwell Valley,0,0
119041669,Bexley - North,0,0
119041670,Bexley - South,0,0
119041671,Wolli Creek,0,0
120011383,Concord - Mortlake - Cabarita,0,0
120011385,Drummoyne - Rodd Point,0,0
120011386,Five Dock - Abbotsford,0,0
120011672,Concord West - North Strathfield,0,0
120011673,Rhodes,0,0
120021387,Balmain,0,0
120021389,Lilyfield - Rozelle,0,1
120021674,Annandale (NSW),0,0
120021675,Leichhardt,0,0
120031392,Canterbury (North) - Ashbury,0,0
120031393,Croydon Park - Enfield,0,0
120031394,Dulwich Hill - Lewisham,0,0
120031395,Haberfield - Summer Hill,0,0
120031396,Homebush,0,0
120031576,Strathfield South,0,0
120031676,Ashfield - North,0,0
120031677,Ashfield - South,0,0
120031678,Burwood (NSW),0,0
120031679,Croydon,0,0
120031680,Strathfield - East,0,0
120031681,Strathfield - West,0,0
121011399,Chatswood (West) - Lane Cove North,0,0
121011401,St Leonards - Naremburn,0,0
121011682,Artarmon,0,0
121011683,Castle Cove - Northbridge,0,0
121011684,Chatswood - East,0,0
121011685,Greenwich - Riverview,0,0
121011686,Lane Cove,0,0
121011687,Willoughby,0,0
121021403,Asquith - Mount Colah,0,0
121021404,Berowra - Brooklyn - Cowan,2.3,4
121021406,Normanhurst - Thornleigh - Westleigh,0,0
121021577,Hornsby - East,0,0
121021578,Hornsby - West,0,0
121021579,Wahroonga (West) - Waitara,0,0
121031407,Gordon - Killara,0,0
121031408,Lindfield - Roseville,0,0
121031409,Pymble,1.75,4
121031410,St Ives,0,1
121031411,Turramurra,0,0
121031412,Wahroonga (East) - Warrawee,0,0
121041413,Cremorne - Cammeray,0,0
121041414,Crows Nest - Waverton,0,0
121041416,Neutral Bay - Kirribilli,0,0
121041417,North Sydney - Lavender Bay,0.03,5
121041688,Mosman - North,0,0
121041689,Mosman - South,0.72,2
122011418,Balgowlah - Clontarf - Seaforth,0,0
122011419,Manly - Fairlight,0,0
122021420,Avalon - Palm Beach,0,0
122021421,Bayview - Elanora Heights,10.3,20
122021422,Newport - Bilgola,1.43,14
122021690,Mona Vale - Warriewood (North),2.6,4
122021691,North Narrabeen - Warriewood (South),0,0
122031424,Beacon Hill - Narraweena,0,0
122031425,Cromer,0,0
122031427,Forestville - Killarney Heights,0,0
122031429,Freshwater - Brookvale,0,0
122031430,Manly Vale - Allambie Heights,0,0
122031432,Terrey Hills - Duffys Forest,3.31,10
122031692,Belrose,0,0
122031693,Collaroy - Collaroy Plateau,0,0
122031694,Dee Why (South) - North Curl Curl,0,0
122031695,Dee Why - North,0,0
122031696,Frenchs Forest - Oxford Falls,0,0
122031697,Narrabeen - Wheeler Heights,0,0
123011433,Camden - Ellis Lane,14.11,40
123011698,Currans Hill,4.31,3
123011699,Elderslie - Narellan,12.02,17
123011700,Harrington Park,0,0
123011701,Mount Annan,0,0
123011702,Spring Farm,0.1,5
123021436,Bradbury - Wedderburn,1.2,8
123021437,Campbelltown - Woodbine,0,0
123021438,Claymore - Eagle Vale - Raby,0.69,9
123021439,Holsworthy Military Area,0,0
123021441,Leumeah - Minto Heights,13.95,13
123021443,Minto - St Andrews,0,0
123021444,Rosemeadow - Glen Alpine,0.58,6
123021703,Denham Court - Bardia,0.11,3
123021704,Glenfield,0,0
123021705,Ingleburn,4.58,5
123021706,Macquarie Fields,7.4,4
123031445,Bargo,65.86,92
123031446,Douglas Park - Appin,30.49,109
123031447,Picton - Tahmoor - Buxton,42.34,124
123031448,The Oaks - Oakdale,117.96,307
124011449,Blackheath - Megalong Valley,0.67,27
124011450,Blaxland - Warrimoo - Lapstone,0,0
124011451,Blue Mountains - North,0,0
124011452,Katoomba - Leura,0,0
124011453,Lawson - Hazelbrook - Linden,0,0
124011454,Springwood - Winmalee,87.15,13
124011455,Wentworth Falls,0.04,4
124021456,Blue Mountains - South,0,0
124031457,Cambridge Park,0,0
124031459,Emu Plains - Leonay,0.21,2
124031460,Glenmore Park - Regentville,0,0
124031461,Jamisontown - South Penrith,0,0
124031462,Kingswood - Werrington,0,0
124031463,Mulgoa - Luddenham - Orchard Hills,23.21,101
124031464,Penrith,0,0
124031465,Warragamba - Silverdale,50.42,85
124031707,Cranebrook - Castlereagh,8.63,43
124031708,Jordan Springs - Llandilo,143.13,75
124041466,Richmond - Clarendon,214.52,234
124041467,Windsor - Bligh Park,20.95,23
124041468,Yarramundi - Londonderry,75.91,107
124051469,Erskine Park,0,0
124051470,St Clair,0,0
124051580,Colyton - Oxley Park,0,0
124051581,St Marys - North St Marys,8.55,3
125011475,Rookwood Cemetery,0,0
125011582,Auburn - Central,0,0
125011583,Auburn - North,0,0
125011584,Auburn - South,0,0
125011585,Berala,0,0
125011586,Lidcombe,0,0
125011587,Regents Park,0,0
125011709,Silverwater - Newington,0,0
125011710,Wentworth Point - Sydney Olympic Park,0,0
125021477,Ermington - Rydalmere,0,0
125021478,Oatlands - Dundas Valley,0,0
125021711,Carlingford - East,0,0
125021712,Carlingford - West,0,0
125031479,Chester Hill - Sefton,0,0
125031480,Fairfield - East,0,0
125031481,Granville - Clyde,0,0
125031483,Guildford - South Granville,0,0
125031484,Guildford West - Merrylands West,0,0
125031486,Smithfield Industrial,0,0
125031487,Yennora Industrial,0,0
125031713,Greystanes - South,0,0
125031714,Merrylands - Holroyd,0,0
125031715,Pemulwuy - Greystanes (North),0,0
125031716,South Wentworthville,0,0
125041489,North Parramatta,0,0
125041490,North Rocks,0,0
125041491,Northmead,0,0
125041493,Toongabbie - Constitution Hill,0,0
125041494,Winston Hills,0,0
125041588,Pendle Hill - Girraween,12.84,3
125041589,Wentworthville - Westmead,0,0
125041717,Parramatta - North,0,0
125041718,Parramatta - South,0,0
125041719,Rosehill - Harris Park,0,0
126011496,Pennant Hills - Cheltenham,0,0
126011720,Epping (East) - North Epping,0,0
126011721,Epping (NSW) - West,0,0
126021498,Gladesville - Huntleys Point,0,0
126021499,Hunters Hill - Woolwich,0,0
126021500,Macquarie Park - Marsfield,0,0
126021501,North Ryde - East Ryde,0,0
126021503,West Ryde - Meadowbank,0,0
126021590,Putney,0,0
126021722,Denistone,0,0
126021723,Eastwood,0,0
126021724,Ryde - North,0,0
126021725,Ryde - South,0,0
127011504,Ashcroft - Busby - Miller,0,0
127011505,Austral - Greendale,259.33,568
127011592,Badgerys Creek,0,0
127011593,Cecil Hills,0,0
127011594,Green Valley,0,0
127011595,Hinchinbrook,0,0
127011596,Hoxton Park - Carnes Hill - Horningsea Park,0,0
127011597,West Hoxton - Middleton Grange,0,2
127011726,Cobbitty - Bringelly,38.53,102
127011727,Gledswood Hills - Gregory Hills,0,0
127011728,Leppington - Catherine Field,121.04,226
127011729,Oran Park,9.99,18
127021509,Bonnyrigg Heights - Bonnyrigg,3.8,12
127021510,Bossley Park - Abbotsbury,0,0
127021511,Cabramatta - Lansvale,5.05,4
127021512,Cabramatta West - Mount Pritchard,0,0
127021513,Canley Vale - Canley Heights,0,0
127021514,Edensor Park,0,0
127021515,Fairfield,0,0
127021516,Fairfield - West,0,0
127021517,Greenfield Park - Prairiewood,0,0
127021518,Horsley Park - Kemps Creek,86.2,256
127021519,Smithfield - Wetherill Park,0,0
127021520,St Johns Park - Wakeley,0,0
127021521,Wetherill Park Industrial,0,0
127031522,Casula,0,0
127031523,Chipping Norton - Moorebank,0,0
127031524,Holsworthy - Wattle Grove,0,0
127031599,Lurnea - Cartwright,0,0
127031601,Warwick Farm,0,0
127031730,Edmondson Park,0.92,8
127031731,Liverpool - East,0,0
127031732,Liverpool - West,0,0
127031733,Prestons,0,0
128011529,Gymea - Grays Point,0,0
128011530,Miranda - Yowie Bay,0,0
128011531,Sylvania - Taren Point,0,0
128011602,Caringbah,0,0
128011603,Caringbah South,0,0
128011604,Cronulla - Kurnell - Bundeena,0,0
128011605,Lilli Pilli - Port Hacking - Dolans Bay,0,0
128011606,Woolooware - Burraneer,0,0
128021533,Heathcote - Waterfall,0,0
128021534,Illawong - Alfords Point,0,0
128021535,Menai - Lucas Heights - Woronora,0,0
128021536,Oyster Bay - Como - Jannali,0,0
128021537,Royal National Park,2.15,4
128021538,Sutherland - Kirrawee,0,0
128021607,Engadine,0,0
128021608,Loftus - Yarrawarrah,0,0
128021609,Woronora Heights,0,0
197979799,Migratory - Offshore - Shipping (NSW),0,0
199999499,No usual address (NSW),0,0
201011001,Alfredton,4.6,50
201011002,Ballarat,4.49,21
201011005,Buninyong,8.84,25
201011006,Delacombe,2.91,22
201011007,Smythes Creek,7.46,40
201011008,Wendouree - Miners Rest,9.89,39
201011481,Ballarat East - Warrenheip,0.79,8
201011482,Ballarat North - Invermay,23.96,32
201011483,Canadian - Mount Clear,0,0
201011484,Sebastopol - Redan,0,0
201021009,Bacchus Marsh Surrounds,254.3,414
201021010,Creswick - Clunes,337.9,1056
201021011,Daylesford,165.23,666
201021012,Gordon (Vic.),259.4,764
201031013,Avoca,333.42,974
201031014,Beaufort,508.34,1142
201031015,Golden Plains - North,153.92,409
201031016,Maryborough (Vic.),0.21,1
201031017,Maryborough Surrounds,338.81,899
202011018,Bendigo,3.2,33
202011019,California Gully - Eaglehawk,0,0
202011020,East Bendigo - Kennington,0,0
202011021,Flora Hill - Spring Gully,0,0
202011022,Kangaroo Flat - Golden Square,0,0
202011023,Maiden Gully,12.83,14
202011024,Strathfieldsaye,12.62,20
202011025,White Hills - Ascot,0.06,2
202021026,Bendigo Surrounds - South,114.4,272
202021027,Castlemaine,2.49,24
202021028,Castlemaine Surrounds,277.44,778
202021029,Heathcote,54.25,241
202021030,Kyneton,64.86,313
202021031,Woodend,9.59,97
202031032,Bendigo Surrounds - North,513.81,1025
202031033,Loddon,1847.82,3443
203011034,Bannockburn,102.04,207
203011035,Golden Plains - South,650.07,1011
203011036,Winchelsea,329.41,1015
203021037,Belmont,0,0
203021039,Geelong,3.45,4
203021040,Geelong West - Hamlyn Heights,1.14,6
203021042,Highton,1.22,12
203021043,Lara,296.52,334
203021044,Leopold,21.02,39
203021045,Newcomb - Moolap,0.76,15
203021046,Newtown (Vic.),0,0
203021047,North Geelong - Bell Park,0,0
203021485,Charlemont,0.64,23
203021486,Corio - Lovely Banks,47.16,85
203021487,Grovedale - Mount Duneed,2.85,14
203021488,Norlane,0.16,4
203031048,Clifton Springs,6.74,103
203031049,Lorne - Anglesea,1.38,16
203031051,Portarlington,14.72,83
203031052,Point Lonsdale - Queenscliff,4.62,41
203031053,Torquay,125.34,108
203031489,Barwon Heads - Armstrong Creek,5.99,31
203031490,Ocean Grove,11.33,79
204011054,Alexandra,271.57,557
204011055,Euroa,399.24,1265
204011056,Kilmore - Broadford,40.09,177
204011057,Mansfield (Vic.),216.29,682
204011058,Nagambie,212.12,561
204011059,Seymour,4.64,20
204011060,Seymour Surrounds,113.6,403
204011061,Upper Yarra Valley,0,0
204011062,Yea,159.23,531
204021063,Benalla,59.22,228
204021064,Benalla Surrounds,357.22,1298
204021065,Rutherglen,109.01,605
204021066,Wangaratta,4.23,60
204021067,Wangaratta Surrounds,594.64,2270
204031068,Beechworth,45.68,176
204031069,Bright - Mount Beauty,134.16,612
204031070,Chiltern - Indigo Valley,57.25,401
204031071,Myrtleford,94.63,424
204031072,Towong,478.75,1460
204031073,West Wodonga,15.97,82
204031075,Yackandandah,138.65,496
204031491,Baranduda - Leneva,25.54,129
204031492,Wodonga,5.2,17
205011076,Drouin,465.14,575
205011077,Mount Baw Baw Region,326.53,776
205011078,Trafalgar (Vic.),373.97,784
205011079,Warragul,344.35,777
205021080,Alps - East,0,0
205021081,Bairnsdale,40.88,134
205021082,Bruthen - Omeo,558.43,1216
205021083,Lake King,0,0
205021084,Lakes Entrance,7.86,67
205021085,Orbost,250.2,805
205021086,Paynesville,33.1,139
205031087,Foster,990.47,1580
205031088,French Island,3.28,23
205031089,Korumburra,565.98,1134
205031090,Leongatha,535.18,1422
205031091,Phillip Island,14.77,99
205031092,Wilsons Promontory,0,0
205031093,Wonthaggi - Inverloch,334.87,981
205041094,Churchill,89.41,414
205041095,Moe - Newborough,3.84,36
205041096,Morwell,14.82,32
205041098,Yallourn North - Glengarry,35.78,143
205041493,Traralgon - East,29.01,89
205041494,Traralgon - West,4.93,49
205051099,Alps - West,3.51,24
205051100,Longford - Loch Sport,383.75,467
205051101,Maffra,666.21,958
205051102,Rosedale,712.83,905
205051103,Sale,8.97,41
205051104,Yarram,448.23,930
206011106,Brunswick East,0,0
206011107,Brunswick West,0,0
206011109,Pascoe Vale South,0,0
206011495,Brunswick - North,0,0
206011496,Brunswick - South,0,0
206011497,Coburg - East,0,0
206011498,Coburg - West,0,0
206021110,Alphington - Fairfield,0,0
206021112,Thornbury,0,0
206021499,Northcote - East,0,0
206021500,Northcote - West,0,0
206031113,Ascot Vale,0,0
206031115,Flemington,0,0
206031116,Moonee Ponds,0,0
206031501,Essendon (West) - Aberfeldie,0,0
206031502,Essendon - East,0,0
206041117,Carlton,0,0
206041118,Docklands,0,0
206041119,East Melbourne,0,0
206041120,Flemington Racecourse,0,0
206041121,Kensington (Vic.),0,0
206041124,Parkville,0,0
206041125,South Yarra - West,0,0
206041127,West Melbourne - Industrial,0,0
206041503,Melbourne CBD - East,0,1
206041504,Melbourne CBD - North,0,0
206041505,Melbourne CBD - West,0,0
206041506,North Melbourne,0,0
206041507,Royal Botanic Gardens Victoria,0,0
206041508,Southbank (West) - South Wharf,0,0
206041509,Southbank - East,0,0
206041510,West Melbourne - Residential,0,0
206051128,Albert Park,0,0
206051129,Elwood,0,0
206051130,Port Melbourne,0,0
206051134,St Kilda East,0,0
206051511,Port Melbourne Industrial,0,0
206051512,South Melbourne,0,0
206051513,St Kilda - Central,0,0
206051514,St Kilda - West,0,0
206061135,Armadale,0,0
206061136,Prahran - Windsor,0,0
206061138,Toorak,0,0
206061515,South Yarra - North,0,0
206061516,South Yarra - South,0,0
206071139,Abbotsford,0,0
206071140,Carlton North - Princes Hill,0,0
206071141,Collingwood,0,0
206071142,Fitzroy,0,0
206071143,Fitzroy North,0,0
206071145,Clifton Hill - Alphington,0,0
206071517,Richmond (South) - Cremorne,0,0
206071518,Richmond - North,0,0
207011146,Ashburton (Vic.),0,0
207011147,Balwyn,2.71,6
207011148,Balwyn North,0,0
207011149,Camberwell,0,0
207011150,Glen Iris - East,0.79,7
207011152,Hawthorn East,0,0
207011154,Kew East,0,0
207011155,Surrey Hills (West) - Canterbury,0,0
207011519,Hawthorn - North,0,1
207011520,Hawthorn - South,0,0
207011521,Kew - South,1.38,5
207011522,Kew - West,0,0
207021156,Bulleen,0,0
207021157,Doncaster,0,0
207021159,Templestowe,0,0
207021160,Templestowe Lower,0,0
207021424,Doncaster East - North,0,0
207021425,Doncaster East - South,0,0
207031161,Blackburn,0.93,1
207031162,Blackburn South,0,0
207031163,Box Hill,0,0
207031164,Box Hill North,0,0
207031165,Burwood (Vic.),0,0
207031166,Burwood East,0,0
207031167,Surrey Hills (East) - Mont Albert,0.15,5
208011168,Beaumaris,0,0
208011169,Brighton (Vic.),0,0
208011170,Brighton East,1.04,3
208011171,Highett (West) - Cheltenham,0,0
208011172,Hampton,0,0
208011173,Sandringham - Black Rock,0,0
208021174,Bentleigh - McKinnon,0,0
208021176,Carnegie,0,0
208021177,Caulfield - North,7.5,1
208021178,Caulfield - South,0,0
208021179,Elsternwick,0,0
208021180,Hughesdale,0,0
208021181,Murrumbeena,0,0
208021182,Ormond - Glen Huntly,0,0
208021426,Bentleigh East - North,0,0
208021427,Bentleigh East - South,0,0
208031183,Aspendale Gardens - Waterways,0,0
208031184,Braeside,0,0
208031185,Carrum - Patterson Lakes,0,0
208031186,Chelsea - Bonbeach,0,0
208031187,Chelsea Heights,0,0
208031188,Highett (East) - Cheltenham,0,0
208031189,Edithvale - Aspendale,0,0
208031190,Mentone,0.2,8
208031191,Moorabbin - Heatherton,52.32,49
208031192,Moorabbin Airport,0,0
208031193,Mordialloc - Parkdale,0,0
208041194,Malvern - Glen Iris,1.41,2
208041195,Malvern East,0.21,3
209011196,Bundoora - East,0,0
209011197,Greensborough,0,0
209011198,Heidelberg - Rosanna,0,0
209011199,Heidelberg West,0,0
209011200,Ivanhoe,0,0
209011201,Ivanhoe East - Eaglemont,0,0
209011202,Montmorency - Briar Hill,33.61,10
209011203,Viewbank - Yallambie,0,0
209011204,Watsonia,0,0
209021205,Kingsbury,0,0
209021428,Preston - East,0,0
209021429,Preston - West,0,0
209021523,Reservoir - North East,0,0
209021524,Reservoir - North West,0,0
209021525,Reservoir - South East,0,0
209021526,Reservoir - South West,95.88,4
209031209,Eltham,0,0
209031210,Hurstbridge,0.42,8
209031211,Kinglake,282.35,150
209031212,Panton Hill - St Andrews,32.34,112
209031213,Plenty - Yarrambat,17.46,12
209031214,Research - North Warrandyte,0.55,32
209031215,Wattle Glen - Diamond Creek,0,0
209041216,Bundoora - North,0,0
209041217,Bundoora - West,0,0
209041220,Mill Park - North,0,0
209041221,Mill Park - South,0,0
209041223,Thomastown,0.99,2
209041224,Wallan,11.01,80
209041225,Whittlesea,40.98,93
209041431,Epping - East,0,0
209041432,Epping - South,1.33,6
209041433,Epping (Vic.) - West,0,0
209041435,South Morang - North,1.95,2
209041436,South Morang - South,0,0
209041437,Wollert,2.26,34
209041527,Doreen - North,337.95,6
209041528,Doreen - South,0,0
209041529,Lalor - East,0,0
209041530,Lalor - West,0,0
209041531,Mernda - North,0.6,5
209041532,Mernda - South,0.4,4
210011226,Airport West,0,0
210011227,Essendon Airport,0,0
210011228,Keilor,1.6,11
210011230,Niddrie - Essendon West,0,0
210011231,Strathmore,0,0
210011533,Avondale Heights,0,0
210011534,Keilor East,0,0
210021232,Gisborne,4.21,48
210021233,Macedon,0.25,9
210021234,Riddells Creek,5.22,25
210021235,Romsey,85.81,395
210031236,Coburg North,0,0
210031237,Fawkner,0,0
210031439,Gowanbrae,0,0
210031440,Hadfield,0,0
210031535,Glenroy - East,1.2,6
210031536,Glenroy - West,0,0
210031537,Oak Park,0,0
210031538,Pascoe Vale,0,0
210041240,Sunbury,12.91,72
210041539,Diggers Rest,1.56,21
210041540,Sunbury - South,27.38,31
210041541,Sunbury - West,1.15,12
210051242,Broadmeadows,0,0
210051243,Campbellfield - Coolaroo,0,0
210051245,Gladstone Park - Westmeadows,0.15,2
210051246,Greenvale - Bulla,2.42,20
210051247,Meadow Heights,0,0
210051248,Melbourne Airport,1.88,12
210051250,Tullamarine,0,0
210051441,Craigieburn - Central,0,0
210051442,Craigieburn - North,0,0
210051443,Craigieburn - South,0,0
210051445,Mickleham - Yuroke,3.8,29
210051542,Craigieburn - North West,0,0
210051543,Craigieburn - West,0,0
210051544,Roxburgh Park (South) - Somerton,0,0
210051545,Roxburgh Park - North,0,0
211011251,Bayswater,0,0
211011254,Knoxfield - Scoresby,0,0
211011255,Lysterfield,1.18,17
211011256,Rowville - Central,0,0
211011257,Rowville - North,0,0
211011258,Rowville - South,0,0
211011259,Wantirna,0.9,4
211011260,Wantirna South,11.87,22
211011446,Boronia,0,0
211011447,Ferntree Gully - North,0,0
211011448,Ferntree Gully (South) - Upper Ferntree Gully,0,0
211011449,The Basin,0,0
211021261,Donvale - Park Orchards,0.06,1
211021262,Warrandyte - Wonga Park,16.21,23
211031263,Bayswater North,0,0
211031265,Croydon Hills - Warranwood,0,0
211031266,Ringwood,0,0
211031267,Ringwood East,0,0
211031268,Ringwood North,0,0
211031450,Croydon - East,0,0
211031451,Croydon - West,0,0
211031452,Croydon South,0,0
211041269,Forest Hill,0,0
211041270,Mitcham (Vic.),0,0
211041271,Nunawading,0.15,10
211041272,Vermont,0,0
211041273,Vermont South,0,0
211051274,Belgrave - Selby,58.53,28
211051275,Chirnside Park,0.47,24
211051276,Healesville - Yarra Glen,71.7,287
211051277,Kilsyth,0,0
211051278,Lilydale - Coldstream,133.37,247
211051279,Monbulk - Silvan,676.78,436
211051280,Montrose,0.48,4
211051281,Mooroolbark,38.1,18
211051282,Mount Dandenong - Olinda,77.14,113
211051283,Mount Evelyn,1.93,12
211051284,Upwey - Tecoma,0,0
211051285,Wandin - Seville,326.63,459
211051286,Yarra Valley,377.53,317
212011289,Emerald - Cockatoo,97.88,217
212011546,Beaconsfield - Officer,0.65,17
212011547,Bunyip - Garfield,460.5,605
212011548,Koo Wee Rup,523.09,733
212011549,Pakenham - North East,17.6,20
212011550,Pakenham - North West,15.51,16
212011551,Pakenham - South East,28.52,34
212011552,Pakenham - South West,5.78,5
212021293,Berwick - North,0,0
212021295,Doveton,0,0
212021297,Hallam,0,0
212021299,Narre Warren North,12.54,27
212021453,Endeavour Hills - North,0,0
212021454,Endeavour Hills - South,0,0
212021455,Narre Warren - North East,0,0
212021456,Narre Warren - South West,0,0
212021553,Berwick - South East,0,0
212021554,Berwick - South West,40.34,4
212031300,Cranbourne,0,0
212031303,Cranbourne South,324.7,197
212031304,Cranbourne West,5.74,2
212031306,Lynbrook - Lyndhurst,0.03,4
212031308,Pearcedale - Tooradin,168.31,95
212031457,Narre Warren South - East,0.08,5
212031458,Narre Warren South - West,0,0
212031555,Clyde North - North,0.51,5
212031556,Clyde North - South,34.8,4
212031557,Cranbourne East - North,0.18,5
212031558,Cranbourne East - South,0,0
212031559,Cranbourne North - East,18.07,7
212031560,Cranbourne North - West,0,0
212031561,Hampton Park - East,0.55,4
212031562,Hampton Park - West,0,0
212041309,Clarinda - Oakleigh South,1.8,4
212041310,Clayton South,8.19,2
212041312,Dandenong North,0,0
212041313,Dingley Village,1.6,4
212041316,Noble Park North,0,0
212041317,Springvale,0,0
212041318,Springvale South,0,0
212041459,Noble Park - East,1.2,4
212041460,Noble Park - West,0,0
212041563,Dandenong - North,0,0
212041564,Dandenong - South,91.37,34
212041565,Keysborough - North,0,0
212041566,Keysborough - South,12.99,27
212051319,Ashwood - Chadstone,0,0
212051321,Glen Waverley - East,0,0
212051322,Glen Waverley - West,0,0
212051323,Mount Waverley - North,0,0
212051324,Mount Waverley - South,0,0
212051325,Mulgrave,0,0
212051326,Oakleigh - Huntingdale,0,0
212051327,Wheelers Hill,0,0
212051567,Clayton (North) - Notting Hill,0,0
212051568,Clayton - Central,0,0
213011328,Ardeer - Albion,0,0
213011329,Cairnlea,0,0
213011331,Delahey,0,0
213011332,Keilor Downs,0,0
213011333,Kings Park (Vic.),0,0
213011334,St Albans - North,0,0
213011335,St Albans - South,0,0
213011336,Sunshine,0,0
213011337,Sunshine North,0,0
213011338,Sunshine West,0,0
213011339,Sydenham,0,0
213011340,Taylors Lakes,0,0
213011569,Deer Park,0,0
213011570,Derrimut,0,0
213021341,Altona,0,0
213021342,Altona Meadows,0,0
213021343,Altona North,0,0
213021344,Newport,0,0
213021345,Seabrook,0,0
213021346,Williamstown,0,0
213031347,Braybrook,0,0
213031348,Footscray,0,0
213031349,Maribyrnong,0,0
213031350,Seddon - Kingsville,0,0
213031351,West Footscray - Tottenham,0,3
213031352,Yarraville,0,0
213041353,Bacchus Marsh,76.95,58
213041358,Melton West,1.63,6
213041359,Rockbank - Mount Cottrell,32.86,57
213041360,Taylors Hill,0,0
213041461,Burnside,0,0
213041462,Burnside Heights,0,0
213041463,Caroline Springs,0,0
213041571,Brookfield,0,0
213041572,Cobblebank - Strathtulloh,0,1
213041573,Eynesbury - Exford,0,0
213041574,Fraser Rise - Plumpton,1.72,23
213041575,Hillside,0,0
213041576,Kurunjang - Toolern Vale,3.11,28
213041577,Melton,0.52,9
213041578,Melton South - Weir Views,0,0
213051361,Hoppers Crossing - North,0,0
213051362,Hoppers Crossing - South,0,0
213051363,Laverton,0,0
213051368,Werribee - South,428.27,408
213051464,Point Cook - East,0,0
213051466,Point Cook - South,11.28,4
213051467,Werribee - East,0,0
213051468,Werribee - West,2.99,41
213051579,Manor Lakes - Quandong,0,0
213051580,Point Cook - North East,0,0
213051581,Point Cook - North West,0,0
213051582,Tarneit (West) - Mount Cottrell,0.36,2
213051583,Tarneit - Central,0,0
213051584,Tarneit - North,0,0
213051585,Tarneit - South,0,0
213051586,Truganina - North,0.48,5
213051587,Truganina - South East,0,0
213051588,Truganina - South West,0,0
213051589,Wyndham Vale - North,3.36,14
213051590,Wyndham Vale - South,0,0
214011370,Carrum Downs,11.7,11
214011371,Frankston,0,0
214011372,Frankston North,0,0
214011373,Frankston South,0,0
214011374,Langwarrin,28.47,16
214011375,Seaford (Vic.),0,0
214011376,Skye - Sandhurst,36.5,50
214021377,Dromana,29.13,51
214021378,Flinders,333.58,639
214021379,Hastings - Somers,76.07,105
214021381,Mount Eliza,0.12,4
214021382,Mount Martha,2.75,4
214021383,Point Nepean,7.68,23
214021384,Rosebud - McCrae,0,0
214021385,Somerville,366.55,238
214021591,Mornington - East,8.1,12
214021592,Mornington - West,0,0
215011386,Ararat,25.45,69
215011387,Ararat Surrounds,1320.05,2072
215011388,Horsham,55.07,147
215011389,Horsham Surrounds,1372.43,2431
215011390,Nhill Region,1686.21,3190
215011391,St Arnaud,681.24,1327
215011392,Stawell,395.89,1028
215011393,West Wimmera,1017.02,1925
215011394,Yarriambiack,2284.53,2986
215021395,Irymple,489.76,627
215021396,Merbein,360.81,459
215021398,Mildura Surrounds,3046.89,2199
215021399,Red Cliffs,471.26,736
215021469,Mildura - North,22.27,39
215021470,Mildura - South,113.05,196
215031400,Buloke,1937.68,3052
215031401,Gannawarra,919.68,2016
215031402,Kerang,27.78,166
215031403,Robinvale,699.56,379
215031404,Swan Hill,110.5,135
215031405,Swan Hill Surrounds,2183.7,2258
216011406,Echuca,61.92,248
216011407,Kyabram,722.25,1181
216011408,Lockington - Gunbower,719.89,1343
216011409,Rochester,517.51,656
216011410,Rushworth,609,1394
216021411,Cobram,284.71,242
216021412,Moira,916.4,1118
216021413,Numurkah,1330.98,2471
216021414,Yarrawonga,42.96,100
216031415,Mooroopna,13.22,52
216031416,Shepparton - North,154.46,89
216031418,Shepparton Surrounds - East,889.84,1377
216031419,Shepparton Surrounds - West,1100.28,1759
216031593,Kialla,15.02,91
216031594,Shepparton - South East,417.29,385
217011420,Glenelg (Vic.),1075.63,2634
217011421,Hamilton (Vic.),72.91,241
217011422,Portland,68.52,58
217011423,Southern Grampians,1767.73,3411
217031471,Camperdown,45.81,142
217031472,Colac,13.02,63
217031473,Colac Surrounds,785,2013
217031474,Corangamite - North,1192.36,2063
217031475,Corangamite - South,1679.93,2442
217031476,Otway,105.2,246
217041477,Moyne - East,1995.55,2655
217041478,Moyne - West,854.79,1714
217041479,Warrnambool - North,45.65,100
217041480,Warrnambool - South,97.94,153
297979799,Migratory - Offshore - Shipping (Vic.),0,0
299999499,No usual address (Vic.),0,0
301011001,Alexandra Hills,0,0
301011002,Belmont - Gumdale,55.52,13
301011003,Birkdale,2.16,11
301011004,Capalaba,0,0
301011005,Thorneside,0,0
301011006,Wellington Point,0,0
301021007,Cleveland,0,0
301021008,Ormiston,0,0
301021009,Redland Bay,153.64,39
301021011,Sheldon - Mount Cotton,115.56,28
301021012,Thornlands,15.97,27
301021013,Victoria Point,0,0
301021550,North Stradbroke Island,0,0
301021551,Southern Moreton Bay Islands,0,0
301031014,Brisbane Port - Lytton,0,0
301031015,Manly - Lota,0,0
301031016,Manly West,0,0
301031017,Murarrie,0,0
301031018,Tingalpa,0,0
301031019,Wakerley,0,0
301031020,Wynnum,0,0
301031021,Wynnum West - Hemmant,0,0
302011022,Bald Hills,0,0
302011023,Bridgeman Downs,0,0
302011024,Carseldine,0,0
302011025,Everton Park,0,0
302011026,McDowall,0,0
302021027,Aspley,0,0
302021028,Chermside,0,0
302021029,Chermside West,0,0
302021030,Geebung,2.04,8
302021031,Kedron - Gordon Park,0,0
302021032,Stafford,0,0
302021033,Stafford Heights,0,0
302021034,Wavell Heights,0,0
302031035,Boondall,1.48,6
302031036,Brisbane Airport,0,0
302031037,Eagle Farm - Pinkenba,0,0
302031038,Northgate - Virginia,0,0
302031039,Nudgee - Banyo,0,0
302031040,Nundah,0,0
302041041,Bracken Ridge,0,0
302041042,Brighton (Qld),0,0
302041043,Deagon,0,0
302041044,Sandgate - Shorncliffe,0,0
302041045,Taigum - Fitzgibbon,0,0
302041046,Zillmere,0,0
303011047,Camp Hill,0,0
303011048,Cannon Hill,0,0
303011049,Carina,0,0
303011050,Carina Heights,0,0
303011051,Carindale,0,0
303021052,Annerley,0,0
303021053,Coorparoo,0,0
303021054,Fairfield - Dutton Park,0,0
303021055,Greenslopes,0,0
303021056,Holland Park,0,0
303021057,Holland Park West,0,0
303021058,Woolloongabba,0,0
303021059,Yeronga,0,0
303031060,Eight Mile Plains,1.2,4
303031061,Macgregor (Qld),0,0
303031062,Mansfield (Qld),3.1,4
303031063,Mount Gravatt,0,0
303031064,Rochedale - Burbank,36.28,31
303031065,Upper Mount Gravatt,0,0
303031066,Wishart,0,0
303041067,Coopers Plains,0,0
303041068,Moorooka,0,0
303041069,Robertson,0,0
303041070,Salisbury - Nathan,0,0
303041071,Tarragindi,0,0
303051072,Algester,0,0
303051073,Calamvale - Stretton,0,0
303051074,Pallara - Willawong,3.8,20
303051075,Parkinson - Drewvale,0,0
303051076,Rocklea - Acacia Ridge,0,0
303061077,Kuraby,0,0
303061078,Runcorn,9.82,6
303061079,Sunnybank,0,0
303061080,Sunnybank Hills,0,0
304011081,Jindalee - Mount Ommaney,0,0
304011082,Middle Park - Jamboree Heights,0,0
304011083,Riverhills,0,0
304011084,Seventeen Mile Rocks - Sinnamon Park,0,0
304011085,Westlake,0,0
304021086,Bellbowrie - Moggill,0,0
304021087,Brookfield - Kenmore Hills,1.08,7
304021088,Chapel Hill,0,0
304021089,Fig Tree Pocket,0,0
304021090,Kenmore,0,0
304021091,Pinjarra Hills - Pullenvale,0,1
304031092,Chelmer - Graceville,0,0
304031093,Corinda,0,0
304031094,Indooroopilly,0,0
304031095,Sherwood,0,0
304031096,St Lucia,0,0
304031097,Taringa,0,0
304041098,Enoggera,0,0
304041099,Enoggera Reservoir,0,0
304041100,Keperra,0,0
304041101,Mitchelton,0,0
304041102,Mount Coot-tha,1.92,5
304041103,The Gap,0,0
304041104,Upper Kedron - Ferny Grove,3.6,4
305011105,Brisbane City,0,0
305011106,Fortitude Valley,0,0
305011107,Highgate Hill,0,0
305011108,Kangaroo Point,0,0
305011109,New Farm,0,0
305011110,South Brisbane,0,0
305011111,Spring Hill,0,0
305011112,West End,0,0
305021113,Balmoral,0,0
305021114,Bulimba,0,0
305021115,East Brisbane,0,0
305021116,Hawthorne,0,0
305021117,Morningside - Seven Hills,0,0
305021118,Norman Park,0,0
305031119,Albion,0,0
305031120,Alderley,0,0
305031121,Ascot,0,0
305031122,Clayfield,0,0
305031123,Grange,0,0
305031124,Hamilton (Qld),0.12,5
305031125,Hendra,0,0
305031126,Kelvin Grove - Herston,0,0
305031127,Newmarket,0,0
305031128,Newstead - Bowen Hills,0,0
305031129,Wilston,0,0
305031130,Windsor,0,0
305031131,Wooloowin - Lutwyche,0,0
305041132,Ashgrove,0,0
305041133,Auchenflower,0,0
305041134,Bardon,0,0
305041135,Paddington - Milton,0,0
305041136,Red Hill (Qld),0,0
305041137,Toowong,0,0
306011138,Brinsmead,0,0
306011139,Clifton Beach - Kewarra Beach,0.6,4
306011140,Freshwater - Stratford,0,0
306011141,Redlynch,5.78,22
306011142,Trinity Beach - Smithfield,1,4
306011143,Yorkeys Knob - Machans Beach,1.24,5
306021144,Bentley Park,0,0
306021145,Cairns City,0,0
306021146,Earlville - Bayview Heights,0,0
306021147,Edmonton,11.39,30
306021148,Gordonvale - Trinity,131.79,342
306021149,Kanimbla - Mooroobool,0,0
306021150,Lamb Range,0.06,2
306021151,Manoora,7.96,20
306021152,Manunda,0.04,5
306021153,Mount Sheridan,0,0
306021154,Westcourt - Bungalow,0,0
306021155,White Rock,0,0
306021156,Whitfield - Edge Hill,0,0
306021157,Woree,0,0
306031158,Babinda,613.53,776
306031159,Innisfail,47.46,108
306031160,Johnstone,1071.35,1090
306031161,Tully,1302.14,834
306031162,Wooroonooran,0,0
306031163,Yarrabah,0,0
306041164,Daintree,154.91,302
306041165,Port Douglas,27.26,49
306051166,Atherton,517.2,495
306051167,Herberton,144.65,260
306051168,Kuranda,11.7,67
306051169,Malanda - Yungaburra,201.69,649
306051170,Mareeba,500.96,409
307011171,Balonne,1703.42,1117
307011172,Chinchilla,270.86,809
307011173,Goondiwindi,170.57,248
307011174,Inglewood - Waggamba,1742.94,1498
307011175,Miles - Wandoan,821.68,1235
307011176,Roma,88.09,175
307011177,Roma Surrounds,1289.97,2055
307011178,Tara,545.03,1210
307021179,Crows Nest - Rosalie,403.09,1569
307021180,Jondaryan,723.47,1568
307021181,Millmerran,1127.3,720
307021182,Pittsworth,909.91,874
307021183,Wambo,1246.42,2219
307031184,Clifton - Greenmount,346.89,1352
307031185,Southern Downs - East,285.94,1115
307031186,Southern Downs - West,231.71,941
307031187,Stanthorpe,8.52,46
307031188,Stanthorpe Surrounds,437.41,734
307031189,Warwick,45.96,192
308011190,Central Highlands - East,528.06,547
308011191,Central Highlands - West,1682.59,1806
308011192,Emerald,30.05,69
308031205,Berserker,0,0
308031206,Bouldercombe,24.33,120
308031207,Emu Park,0.12,9
308031208,Frenchville - Mount Archer,0,0
308031209,Glenlee - Rockyview,6.78,68
308031210,Gracemere,31.02,59
308031211,Lakes Creek,0,0
308031212,Mount Morgan,22,20
308031213,Norman Gardens,0.45,2
308031214,Park Avenue,0,0
308031215,Parkhurst - Kawana,0.27,2
308031216,Rockhampton - West,0.1,13
308031217,Rockhampton City,0.27,6
308031218,Rockhampton Surrounds - East,24.28,110
308031219,Rockhampton Surrounds - North,502.74,454
308031220,Rockhampton Surrounds - West,141.54,446
308031221,Shoalwater Bay,0,0
308031222,The Range - Allenstown,0,1
308031223,Yeppoon,23.59,33
308041528,Banana,1341.47,2690
308041529,Biloela,46.57,82
308051530,Agnes Water - Miriam Vale,89.63,299
308051531,Boyne Island - Tannum Sands,0,0
308051532,Callemondah,0,0
308051533,Clinton - New Auckland,0,0
308051534,Gladstone,0,0
308051535,Gladstone Hinterland,134.26,320
308051536,Kin Kora - Sun Valley,4.08,4
308051537,South Trees,0,0
308051538,Telina - Toolooa,0,0
308051539,West Gladstone,0,0
309011224,Broadbeach Waters,0,0
309011225,Burleigh Heads,0,0
309011226,Burleigh Waters,0,0
309011227,Mermaid Beach - Broadbeach,0,0
309011228,Mermaid Waters,0,0
309011229,Miami,0,0
309021230,Coolangatta,0,0
309021231,Currumbin - Tugun,0.27,2
309021232,Currumbin Waters,0,0
309021233,Elanora,0,0
309021234,Palm Beach,0,0
309031235,Arundel,0,0
309031236,Biggera Waters,0,0
309031237,Coombabah,0,0
309031238,Labrador,1.9,4
309031239,Paradise Point - Hollywell,0,0
309031240,Runaway Bay,0,0
309041241,Guanaba - Springbrook,26.81,57
309041242,Tamborine - Canungra,54.82,181
309051243,Currumbin Valley - Tallebudgera,2.83,42
309051244,Mudgeeraba - Bonogin,2.26,8
309051245,Reedy Creek - Andrews,0,0
309061246,Carrara,0,0
309061247,Highland Park,0,0
309061248,Nerang - Mount Nathan,15.35,27
309061249,Pacific Pines - Gaven,0,0
309061250,Worongary - Tallai,0.8,8
309071251,Coomera,5.8,4
309071252,Helensvale,0,0
309071253,Hope Island,0,0
309071254,Jacobs Well - Alberton,52.19,170
309071256,Oxenford - Maudsland,0.16,5
309071552,Ormeau (East) - Stapylton,149.26,11
309071553,Ormeau (West) - Yatala,14.76,11
309071554,Pimpama - North,3.86,13
309071555,Pimpama - South,0,0
309071556,Upper Coomera (South) - Wongawallan,10.48,24
309071557,Upper Coomera - North,0,0
309071558,Willow Vale - Pimpama (West),0.93,9
309081259,Clear Island Waters,0,0
309081260,Merrimac,0,0
309081262,Varsity Lakes,0,0
309081559,Robina - East,0,0
309081560,Robina - West,0,0
309091263,Ashmore,0,0
309091264,Molendinar,0,0
309091265,Parkwood,0,0
309091540,Southport - North,0.18,2
309091541,Southport - South,0,0
309101267,Benowa,0,0
309101268,Bundall,0,0
309101269,Main Beach,0,0
309101561,Surfers Paradise - North,0,0
309101562,Surfers Paradise - South,0.34,10
310011271,Darra - Sumner,12.81,2
310011272,Durack,1.16,3
310011274,Inala - Richlands,0.24,6
310011275,Oxley (Qld),0.9,4
310011276,Wacol,0.75,2
310011563,Doolandella,0,0
310011564,Forest Lake - Ellen Grove,0,0
310021277,Boonah,532.2,1399
310021278,Esk,150.36,444
310021279,Lake Manchester - England Creek,0,0
310021280,Lockyer Valley - East,750.88,777
310021281,Lowood,194.67,684
310021282,Rosewood,77.23,212
310031283,Brassall,0,0
310031284,Bundamba,0.35,4
310031285,Churchill - Yamanto,0.44,5
310031286,Ipswich - Central,0,0
310031287,Ipswich - East,0,0
310031288,Ipswich - North,1,11
310031289,Karalee - Barellan Point,4.06,6
310031290,Karana Downs,0.12,3
310031291,Leichhardt - One Mile,0,0
310031292,North Ipswich - Tivoli,1.5,4
310031293,Raceview,0,0
310031294,Ripley,0,0
310031295,Riverview,0.92,4
310041297,Camira - Gailes,0,0
310041298,Carole Park,0,0
310041299,Collingwood Park - Redbank,0,0
310041300,Goodna,0,0
310041301,New Chum,0,0
310041302,Redbank Plains,0,0
310041303,Springfield,0,0
310041304,Springfield Lakes,0,0
310041565,Augustine Heights - Brookwater,0,0
310041566,Bellbird Park,0,0
311011305,Beaudesert,359.49,714
311021306,Beenleigh,0,0
311021307,Eagleby,0.72,4
311021308,Edens Landing - Holmview,0,0
311021309,Mount Warren Park,0,0
311021310,Wolffdene - Bahrs Scrub,0.51,3
311031311,Boronia Heights - Park Ridge,30.73,40
311031312,Browns Plains,2.22,1
311031313,Chambers Flat - Logan Reserve,31.62,68
311031314,Crestmead,0,0
311031315,Greenbank Military Camp,0,0
311031316,Hillcrest,1,5
311031317,Marsden,0,8
311031318,Munruben - Park Ridge South,2.52,18
311031319,Regents Park - Heritage Park,0,0
311041322,Logan Village,26.94,22
311041567,Flagstone (East) - Riverbend,0.42,2
311041568,Flagstone (West) - New Beith,0.28,4
311041569,Greenbank - North Maclean,9.7,29
311041570,Jimboomba - Glenlogan,19.68,66
311041571,Yarrabilba,0,1
311051323,Bethania - Waterford,0.25,3
311051324,Cornubia - Carbrook,88.56,25
311051325,Loganholme - Tanah Merah,8.95,4
311051326,Loganlea,0,0
311051327,Shailer Park,0,0
311051328,Waterford West,0.45,4
311061329,Daisy Hill,0,0
311061330,Kingston (Qld),0,0
311061331,Logan Central,0,0
311061332,Rochedale South - Priestdale,0,0
311061333,Slacks Creek,0,0
311061334,Springwood,0,0
311061335,Underwood,0,0
311061336,Woodridge,0,0
312011337,Bowen,155.73,94
312011338,Broadsound - Nebo,806.29,712
312011339,Clermont,944.36,645
312011340,Collinsville,1256.13,439
312011341,Moranbah,108.77,49
312021342,Andergrove - Beaconsfield,0,0
312021343,East Mackay,0,0
312021344,Eimeo - Rural View,3.28,12
312021345,Eungella Hinterland,0,0
312021346,Mackay,11.74,53
312021347,Mackay Harbour,0,0
312021348,Mount Pleasant - Glenella,18.5,92
312021349,North Mackay,0.12,4
312021350,Ooralea - Bakers Creek,16.18,55
312021351,Pioneer Valley,385.9,840
312021352,Sarina,208.48,680
312021353,Seaforth - Calen,288.74,926
312021354,Shoal Point - Bucasia,0.36,4
312021355,Slade Point,0,0
312021356,South Mackay,0,0
312021357,Walkerston - Eton,327.59,895
312021358,West Mackay,0,0
312031359,Airlie - Whitsundays,1.94,6
312031360,Cape Conway,0,0
312031361,Proserpine,248.58,604
313011362,Beachmere - Sandstone Point,60.35,58
313011363,Bribie Island,0,0
313021364,Burpengary - East,14.57,19
313021366,Caboolture - South,0,0
313021367,Elimbah,486.53,128
313021368,Morayfield - East,0.4,4
313021369,Wamuran,253.56,178
313021572,Caboolture - East,110.02,33
313021573,Caboolture - West,28.43,25
313031370,Kilcoy,120.99,417
313031371,Woodford - D'Aguilar,78.49,227
313041372,Burpengary,10.61,14
313041373,Deception Bay,0.9,4
313041374,Morayfield,68.41,32
313041375,Narangba,0.96,9
313041376,Upper Caboolture,7.53,15
313051377,Clontarf,0,0
313051378,Margate - Woody Point,0,0
313051379,Redcliffe,0,0
313051380,Rothwell - Kippa-Ring,0,0
313051574,Moreton Island,0,0
313051575,Scarborough - Newport,0,0
314011382,Albany Creek,0,1
314011383,Cashmere,0,0
314011384,Dayboro,8.22,57
314011385,Eatons Hill,7.15,4
314011386,The Hills District,0,0
314011387,Samford Valley,5.43,23
314021389,Murrumba Downs - Griffin,0.72,2
314021576,Dakabin,0,0
314021577,Kallangur,0.45,4
314021578,Mango Hill,0,0
314021579,North Lakes,0,0
314031391,Bray Park,0,0
314031392,Lawnton,0,0
314031393,Petrie,0,0
314031394,Strathpine - Brendale,0.56,4
315011395,Aurukun,0,0
315011396,Cape York,331.64,187
315011397,Croydon - Etheridge,761.67,230
315011398,Kowanyama - Pormpuraaw,0,0
315011399,Northern Peninsula,1.78,6
315011400,Tablelands,1039.5,1105
315011401,Torres,0,0
315011402,Torres Strait Islands,0,0
315011403,Weipa,0,0
315021404,Carpentaria,902.14,104
315021405,Mount Isa,18.81,12
315021406,Mount Isa Surrounds,664.14,143
315021407,Northern Highlands,1271.04,681
315031408,Barcaldine - Blackall,955.13,752
315031409,Charleville,448.57,455
315031410,Far Central West,763.88,378
315031411,Far South West,490.53,482
315031412,Longreach,190.94,306
316011413,Buderim - North,0,0
316011414,Buderim - South,0,0
316011415,Mountain Creek,0,0
316011416,Sippy Downs,0,0
316021417,Aroona - Currimundi,0,0
316021418,Buddina - Minyama,0,0
316021419,Caloundra - Kings Beach,0,0
316021421,Golden Beach - Pelican Waters,0,0
316021422,Moffat Beach - Battery Hill,0,0
316021423,Parrearra - Warana,0,0
316021424,Wurtulla - Birtinya,0,0
316021580,Caloundra West - Baringa,27.1,11
316021581,Meridan Plains - Little Mountain (North),0.3,12
316031425,Coolum Beach,0.55,4
316031426,Marcoola - Mudjimba,0.96,16
316031427,Maroochydore - Kuluin,0,0
316031428,Mooloolaba - Alexandra Headland,0,0
316051434,Noosa Heads,0,0
316051435,Noosaville,0,0
316051437,Sunshine Beach,0,0
316051438,Tewantin,0,0
316051543,Peregian Beach - Marcus Beach,0,0
316051544,Peregian Springs,0,0
316061439,Beerwah,491.77,155
316061440,Caloundra Hinterland,45.11,163
316061441,Glass House Mountains,273.62,219
316061442,Landsborough,10.89,31
316061443,Maroochy Hinterland,58.39,174
316061444,Palmwoods,46.12,131
316071545,Bli Bli,7.1,39
316071546,Diddillibah - Rosemount,9.86,28
316071547,Eumundi - Yandina,101.39,188
316071548,Nambour,32.05,85
316081549,Noosa Hinterland,55.09,204
317011445,Cambooya - Wyreema,55.97,270
317011446,Darling Heights,0.2,4
317011447,Drayton - Harristown,0.4,7
317011448,Gatton,208.11,129
317011449,Gowrie (Qld),22.31,91
317011450,Highfields,17.92,70
317011451,Lockyer Valley - West,519.99,671
317011452,Middle Ridge,1.68,13
317011453,Newtown (Qld),10.78,17
317011454,North Toowoomba - Harlaxton,0,0
317011455,Rangeville,0.15,1
317011456,Toowoomba - Central,2.4,3
317011457,Toowoomba - East,0,0
317011458,Toowoomba - West,34.39,121
317011459,Wilsonton,0,2
318011460,Ayr,179.02,252
318011461,Burdekin,1815.12,2024
318011462,Charters Towers,20.06,38
318011463,Dalrymple,941.48,485
318011464,Ingham,90,193
318011465,Ingham Surrounds,576.13,1568
318011466,Palm Island,0,0
318021467,Aitkenvale,0,0
318021468,Annandale (Qld),0,0
318021469,Belgian Gardens - Pallarenda,4.56,2
318021470,Bohle Plains,4.16,7
318021471,Condon - Rasmussen,45.49,22
318021472,Cranbrook,0,0
318021474,Douglas,0,0
318021475,Garbutt - West End,0.81,2
318021476,Gulliver - Currajong - Vincent,0,0
318021477,Heatley,0,0
318021478,Hermit Park - Rosslea,0,0
318021479,Hyde Park - Pimlico,0.33,2
318021480,Kelso,0.93,2
318021481,Kirwan - East,0,0
318021482,Kirwan - West,0,0
318021483,Magnetic Island,0,0
318021484,Mount Louisa,0,0
318021485,Mundingburra,0,0
318021486,Northern Beaches,57.27,105
318021487,Oonoonba,0,0
318021488,South Townsville - Railway Estate,0,0
318021489,Townsville - South,88.16,214
318021490,Townsville City - North Ward,0,0
318021491,Wulguru - Roseneath,0,0
318021582,Burdell - Mount Low,0.54,11
318021583,Deeragun - Jensen,0.7,8
319011492,Ashfield - Kepnock,0.34,6
319011493,Bargara - Burnett Heads,318.2,377
319011494,Branyan - Kensington,49.68,32
319011495,Bundaberg,24.24,4
319011496,Bundaberg East - Kalkie,3.37,31
319011497,Bundaberg North - Gooburrum,290.98,122
319011498,Bundaberg Surrounds - North,824.57,859
319011499,Bundaberg Surrounds - South,1347.09,1044
319011500,Millbank - Avoca,0.24,4
319011501,Svensson Heights - Norville,56.2,51
319011502,Walkervale - Avenell Heights,11.12,25
319021503,Gayndah - Mundubbera,1149.39,1151
319021504,Gin Gin,287.29,473
319021505,Kingaroy,9.94,101
319021506,Kingaroy Surrounds - North,249.93,1177
319021507,Kingaroy Surrounds - South,200.27,984
319021508,Monto - Eidsvold,454.04,965
319021509,Nanango,90.46,592
319021510,North Burnett,0.9,4
319031511,Cooloola,0.57,2
319031512,Gympie - North,9.27,22
319031513,Gympie - South,8.87,30
319031514,Gympie Surrounds,283.35,1089
319031515,Kilkivan,196.21,793
319041516,Booral - River Heads,36.24,71
319041517,Craignish - Dundowran Beach,3.76,8
319041518,Pialba - Eli Waters,0.6,2
319041519,Point Vernon,0,0
319041520,Torquay - Scarness - Kawungan,0,0
319041521,Urangan - Wondunna,0.03,2
319051522,Burrum - Fraser,31.16,83
319051523,Granville,2.58,17
319051524,Maryborough (Qld),21.48,95
319051525,Maryborough Surrounds - South,167.16,470
319051526,Tinana,0.86,11
397979799,Migratory - Offshore - Shipping (Qld),0,0
399999499,No usual address (Qld),0,0
401011001,Adelaide,0.54,1
401011002,North Adelaide,0,0
401021003,Adelaide Hills,162.63,418
401021004,Aldgate - Stirling,4.82,58
401021005,Hahndorf - Echunga,97.03,168
401021006,Lobethal - Woodside,439.56,606
401021007,Mount Barker,64.07,72
401021008,Mount Barker Surrounds,51.07,363
401021009,Nairne,31,45
401021010,Uraidla - Summertown,113.56,192
401031011,Burnside - Wattle Park,0.12,4
401031012,Beaumont - Glen Osmond,0.45,5
401031013,Toorak Gardens,0,0
401041014,Athelstone,0,2
401041015,Paradise - Newton,0,0
401041016,Rostrevor - Magill,1.5,4
401051017,Norwood (SA),0,0
401051018,Payneham - Felixstow,0,0
401051019,St Peters - Marden,0,0
401061020,Nailsworth - Broadview,0,0
401061021,Prospect,0,0
401061022,Walkerville,0,0
401071023,Goodwood - Millswood,0,0
401071024,Unley - Parkside,0,0
402011025,Gawler - North,98.59,172
402011026,Gawler - South,14.6,94
402011027,Lewiston - Two Wells,156.51,307
402021028,Craigmore - Blakeview,0,0
402021029,Davoren Park,0.12,8
402021030,Elizabeth,5.4,4
402021031,Elizabeth East,1.06,17
402021032,Munno Para West - Angle Vale,93.24,277
402021033,One Tree Hill,9.36,69
402021034,Smithfield - Elizabeth North,0,0
402021035,Virginia - Waterloo Corner,464.91,1365
402031036,Enfield - Blair Athol,0,0
402031038,Windsor Gardens,0,0
402031175,Northgate - Northfield,0,0
402031176,Valley View - Gilles Plains,0,0
402041039,Dry Creek - North,0,0
402041040,Ingle Farm,0,0
402041041,Para Hills,0,0
402041042,Parafield,0,0
402041043,Parafield Gardens,0.47,17
402041044,Paralowie,0,0
402041046,Salisbury,0,0
402041047,Salisbury East,0,0
402041048,Salisbury North,28.78,56
402041171,Mawson Lakes - Globe Derby Park,0,0
402041172,Pooraka - Cavan,1.25,4
402051049,Golden Grove,2.48,8
402051050,Greenwith,0,0
402051051,Highbury - Dernancourt,0,0
402051052,Hope Valley - Modbury,0,0
402051053,Modbury Heights,0,0
402051054,Redwood Park,0,0
402051055,St Agnes - Ridgehaven,3.55,4
403011056,Brighton (SA),0,0
403011057,Glenelg (SA),0,0
403021058,Edwardstown,0,0
403021059,Hallett Cove,0,0
403021060,Marino - Seaview Downs,0,0
403021061,Mitchell Park,0,0
403021062,Morphettville,0,0
403021063,Sheidow Park - Trott Park,0,0
403021064,Warradale,0,0
403031065,Belair,0.15,2
403031066,Bellevue Heights,0,0
403031067,Blackwood,1.03,9
403031068,Colonel Light Gardens,0,0
403031069,Mitcham (SA),0,0
403031070,Panorama,0,0
403041071,Aberfoyle Park,0,0
403041072,Aldinga,3.37,63
403041073,Christie Downs,0,0
403041074,Christies Beach,0,0
403041075,Clarendon,12.45,102
403041076,Coromandel Valley,4.21,6
403041077,Flagstaff Hill,0,0
403041078,Hackham - Onkaparinga Hills,0.08,8
403041079,Hackham West - Huntfield Heights,0,0
403041080,Happy Valley,0.08,4
403041081,Happy Valley Reservoir,0,0
403041082,Lonsdale,0,0
403041083,McLaren Vale,125.18,661
403041084,Morphett Vale - East,0,0
403041085,Morphett Vale - West,0,0
403041086,Reynella,0,0
403041088,Willunga,58.35,354
403041089,Woodcroft,68.68,4
403041177,Seaford - Seaford Meadows,0,0
403041178,Seaford Rise - Moana,0.28,8
404011090,Beverley,0,0
404011091,Flinders Park,0,0
404011092,Henley Beach,0,0
404011093,Hindmarsh - Brompton,0.44,6
404011094,Royal Park - Hendon - Albert Park,0,0
404011095,Seaton - Grange,0,0
404011096,West Lakes,0,0
404011097,Woodville - Cheltenham,0,0
404021098,Dry Creek - South,0,0
404021099,Largs Bay - Semaphore,0,0
404021100,North Haven,0,0
404021101,Port Adelaide,0,0
404021102,The Parks,0,0
404021103,Torrens Island,0,0
404031104,Adelaide Airport,0,0
404031105,Fulham,0,0
404031106,Lockleys,0,0
404031107,Plympton,0,0
404031108,Richmond (SA),0,0
404031109,West Beach,0,0
405011110,Barossa - Angaston,138.12,896
405011111,Light,508.73,1528
405011112,Lyndoch,54.98,243
405011113,Mallala,634.44,646
405011114,Nuriootpa,44.25,274
405011115,Tanunda,8.61,120
405021116,Clare,41.56,109
405021117,Gilbert Valley,638.73,1667
405021118,Goyder,520.3,1535
405021119,Wakefield - Barunga West,1581.07,2789
405031120,Jamestown,807.69,1833
405031121,Peterborough - Mount Remarkable,593.58,1784
405031122,Port Pirie,0,0
405031123,Port Pirie Surrounds,318.53,625
405041124,Kadina,124.58,243
405041125,Moonta,72.64,141
405041126,Wallaroo,14.62,62
405041127,Yorke Peninsula - North,834.15,2022
405041128,Yorke Peninsula - South,377.59,673
406011129,Ceduna,30.63,121
406011130,Eyre Peninsula,960.52,2526
406011131,Kimba - Cleve - Franklin Harbour,750.19,1814
406011132,Le Hunte - Elliston,612.93,1233
406011133,Port Lincoln,2.2,87
406011134,West Coast (SA),451.51,1022
406011135,Western,0.21,2
406011136,Whyalla,14.52,4
406011137,Whyalla - North,0,0
406021138,APY Lands,0.45,2
406021139,Coober Pedy,0.42,2
406021140,Quorn - Lake Gilles,79.15,210
406021141,Outback,289.85,297
406021142,Port Augusta,1.08,3
406021143,Roxby Downs,0,0
407011144,Goolwa - Port Elliot,13.58,58
407011145,Kangaroo Island,314.44,1162
407011146,Strathalbyn,22.49,156
407011147,Strathalbyn Surrounds,655.47,1453
407011148,Victor Harbor,21.65,77
407011149,Yankalilla,283.22,636
407021150,Grant,677.57,1172
407021151,Kingston - Robe,391.6,836
407021152,Millicent,72.38,305
407021154,Naracoorte,37.89,211
407021155,Naracoorte Surrounds,747.1,2025
407021156,Penola,665.03,1052
407021157,Tatiara,1211.64,2748
407021158,Wattle Range,348.91,1032
407021173,Mount Gambier - East,6.86,125
407021174,Mount Gambier - West,18.8,109
407031159,Barmera,377.43,1057
407031160,Berri,8.4,49
407031161,Karoonda - Lameroo,1214.28,1740
407031162,Loxton,409.52,422
407031163,Loxton Surrounds,1096.84,968
407031164,Mannum,470.74,1244
407031165,Murray Bridge,71.06,115
407031166,Murray Bridge Surrounds,714.06,968
407031167,Renmark,24.23,75
407031168,Renmark Surrounds,1487.63,1082
407031169,The Coorong,1076.84,2025
407031170,Waikerie,1116.32,1207
497979799,Migratory - Offshore - Shipping (SA),0,0
499999499,No usual address (SA),0,0
501011001,Augusta,213.24,837
501011003,Busselton Surrounds,310.88,1049
501011004,Margaret River,19.86,79
501011293,Busselton - East,30.05,57
501011294,Busselton - West,19.58,109
501021005,Australind - Leschenault,0,0
501021007,Capel,247.3,387
501021008,College Grove - Carey Park,0,0
501021009,Collie,9.39,88
501021010,Dardanup,55.7,378
501021011,Davenport,0,0
501021012,Eaton - Pelican Point,0,0
501021014,Harvey,636,811
501021015,East Bunbury - Glen Iris,0,0
501021016,Waroona,81.48,274
501021251,Dalyellup,0,0
501021252,Gelorup - Stratham,5.77,21
501021253,South Bunbury - Bunbury,1.44,7
501021254,Withers - Usher,0.09,2
501031017,Bridgetown - Boyup Brook,375.71,1392
501031018,Donnybrook - Balingup,252.17,741
501031019,Manjimup,279.93,573
501031020,Pemberton,537.39,1141
502011021,Dawesville - Bouvard,0,0
502011022,Falcon - Wannanup,0,0
502011023,Greenfields,0,0
502011024,Halls Head - Erskine,0,0
502011025,Mandurah,0,0
502011026,Mandurah - East,0,0
502011027,Mandurah - North,0,0
502011028,Mandurah - South,0,0
502011029,Pinjarra,170.02,450
503011030,City Beach,0,0
503011031,Claremont (WA),0,0
503011032,Cottesloe,0,0
503011033,Floreat,0,0
503011034,Mosman Park - Peppermint Grove,0,0
503011035,Nedlands - Dalkeith - Crawley,0,0
503011036,Swanbourne - Mount Claremont,0,0
503021037,Kings Park (WA),0,0
503021038,Mount Hawthorn - Leederville,0,0
503021039,Mount Lawley - Inglewood,0,0
503021040,North Perth,0,0
503021042,Subiaco - Shenton Park,0,0
503021043,Wembley - West Leederville - Glendalough,0,0
503021295,East Perth,0,0
503021296,Perth (North) - Highgate,0,0
503021297,Perth (West) - Northbridge,0,0
504011044,Bassendean - Eden Hill - Ashfield,0,0
504011045,Bayswater - Embleton - Bedford,0,0
504011046,Maylands,0,0
504011047,Morley,0,0
504011048,Noranda,0,0
504021049,Chidlow,1.82,27
504021050,Glen Forrest - Darlington,0,0
504021051,Helena Valley - Koongamia,0,0
504021052,Malmalling - Reservoir,0.14,10
504021053,Mundaring,1.14,15
504021054,Swan View - Greenmount - Midvale,0,0
504031055,Avon Valley National Park,0,0
504031056,Ballajura,3.1,4
504031057,Beechboro,15.24,41
504031058,Bullsbrook,114.37,106
504031060,Gidgegannup,16.31,49
504031061,Hazelmere - Guildford,5.74,2
504031062,Lockridge - Kiara,3.89,79
504031063,Malaga,0,0
504031064,Melaleuca - Lexia,0,0
504031065,Middle Swan - Herne Hill,12.22,101
504031066,Midland - Guildford,0,0
504031067,Stratton - Jane Brook,0,0
504031068,The Vines,13.15,119
504031069,Walyunga National Park,0,0
504031298,Aveley,0,0
504031299,Brabham - Henley Brook,1.13,20
504031300,Ellenbrook,0,0
505011070,Craigie - Beldon,0,0
505011071,Currambine - Kinross,0,0
505011072,Duncraig,0,0
505011073,Greenwood - Warwick,0,0
505011074,Heathridge - Connolly,0,0
505011075,Hillarys,0,0
505011076,Iluka - Burns Beach,0,0
505011077,Joondalup - Edgewater,0,0
505011078,Kingsley,0,0
505011079,Mullaloo - Kallaroo,0,0
505011080,Ocean Reef,0,0
505011081,Padbury,0,0
505011082,Sorrento - Marmion,0,0
505011083,Woodvale,0,0
505021084,Balcatta - Hamersley,0,0
505021085,Balga - Mirrabooka,0,0
505021087,Herdsman,0,0
505021088,Innaloo - Doubleview,0,0
505021089,Karrinyup - Gwelup - Carine,0,0
505021090,Nollamara - Westminster,0,0
505021091,Osborne Park Industrial,0,0
505021092,Scarborough,0,0
505021093,Stirling - Osborne Park,0,0
505021094,Trigg - North Beach - Watermans Bay,0,0
505021095,Tuart Hill - Joondanna,0,0
505021096,Wembley Downs - Churchlands - Woodlands,0,0
505021097,Yokine - Coolbinia - Menora,0,0
505021301,Dianella - North,0,0
505021302,Dianella - South,0,0
505031098,Alexander Heights - Koondoola,0,0
505031099,Butler - Merriwa - Ridgewood,0,0
505031100,Carramar,4.52,15
505031101,Clarkson,0,0
505031102,Girrawheen,0,0
505031104,Marangaroo,0,0
505031105,Mindarie - Quinns Rocks - Jindalee,0,0
505031106,Neerabup National Park,0,0
505031107,Tapping - Ashby - Sinagra,6.72,75
505031255,Alkimos - Eglinton,34.89,11
505031256,Carabooda - Pinjar,356.56,228
505031257,Two Rocks,0,0
505031258,Yanchep,0,0
505031303,Hocking - Pearsall,59.67,123
505031304,Landsdale,0,0
505031305,Madeley - Darch,28.46,13
505031306,Wanneroo - Sinagra,13.65,20
506011110,Armadale - Wungong - Brookdale,1.43,17
506011111,Ashendon - Lesley,0,0
506011112,Camillo - Champion Lakes,0,0
506011114,Kelmscott,0.04,4
506011115,Mount Nasura - Mount Richon - Bedfordale,0.09,10
506011116,Roleystone,21.09,129
506011117,Seville Grove,0,0
506011307,Harrisdale,0,1
506011308,Piara Waters - Forrestdale,1.22,37
506021118,Belmont - Ascot - Redcliffe,0,0
506021119,East Victoria Park - Carlisle,0,0
506021120,Kewdale Commercial,0,0
506021121,Perth Airport,0,0
506021123,Victoria Park - Lathlain - Burswood,0,0
506021309,Cloverdale,0,1
506021310,Kewdale,0,0
506021311,Rivervale,0,0
506031124,Bentley - Wilson - St James,0,0
506031125,Canning Vale - West,0,0
506031126,Canning Vale Commercial,0,0
506031127,Cannington - Queens Park,0,0
506031128,Parkwood - Ferndale - Lynwood,0,0
506031129,Riverton - Shelley - Rossmoyne,0,0
506031130,Welshpool,0,0
506031131,Willetton,0,0
506041132,Beckenham - Kenwick - Langford,0,1
506041133,Canning Vale - East,0,0
506041134,Gosnells,0,0
506041135,Huntingdale - Southern River,0,0
506041136,Maddington - Orange Grove - Martin,5.66,46
506041137,Thornlie,0,0
506051138,Forrestfield - Wattle Grove,22.65,4
506051139,High Wycombe,2.12,6
506051140,Kalamunda - Maida Vale - Gooseberry Hill,0,0
506051141,Lesmurdie - Bickley - Carmel,49.09,382
506061142,Byford,0,0
506061143,Mundijong,74.31,160
506061144,Serpentine - Jarrahdale,76.02,214
506071145,Como,0,0
506071146,Manning - Waterford,0,0
506071147,South Perth - Kensington,0,0
507011148,Banjup,0.03,2
507011150,Bibra Industrial,0,0
507011151,Bibra Lake,0,0
507011152,Coogee,0,8
507011153,Coolbellup,0,0
507011154,Hamilton Hill,0,0
507011155,Henderson,0,0
507011158,North Coogee,0,0
507011159,South Lake - Cockburn Central,0,0
507011160,Spearwood,0,0
507011161,Success - Hammond Park,0,0
507011163,Yangebup,0,0
507011259,Beeliar - Wattleup,0.03,51
507011260,Jandakot,0,0
507021164,East Fremantle,0,0
507021165,Fremantle,0,0
507021166,Fremantle - South,0,0
507021167,O'Connor (WA),0,0
507031169,Wellard (West) - Bertram,0,0
507031170,Calista,0,0
507031172,Hope Valley - Postans,0,4
507031173,Kwinana Industrial,0,0
507031174,Parmelia - Orelia,0,0
507031261,Casuarina - Wandi,99.19,61
507041175,Applecross - Ardross,0,0
507041176,Bateman,0,0
507041177,Bicton - Palmyra,0,0
507041178,Booragoon,0,0
507041179,Bull Creek,0,0
507041180,Leeming,0,0
507041181,Melville,0,0
507041182,Murdoch - Kardinya,0.28,4
507041183,Willagee,0,0
507041184,Winthrop,0,0
507051186,Cooloongup,0,0
507051187,Port Kennedy,0,0
507051188,Rockingham,0,0
507051189,Rockingham Lakes,0,0
507051190,Safety Bay - Shoalwater,0,0
507051191,Singleton - Golden Bay - Secret Harbour,0,0
507051192,Waikiki,0,0
507051193,Warnbro,0,0
507051312,Baldivis - North,1.32,13
507051313,Baldivis - South,12.09,43
507051314,Karnup,9.38,39
509011225,Albany,6.31,21
509011226,Albany Surrounds,498,1063
509011227,Bayonet Head - Lower King,0.93,15
509011228,Denmark,66.4,409
509011229,Gnowangerup,1963.58,2104
509011230,Katanning,474.46,879
509011231,Kojonup,1946.13,2917
509011232,Little Grove - Elleker,4.8,54
509011233,McKail - Willyung,21.67,100
509011234,Plantagenet,713.97,1355
509011235,Stirling Range National Park,0,0
509021236,Chittering,184.38,468
509021237,Cunderdin,918.91,1510
509021238,Dowerin,1869.49,1881
509021239,Gingin - Dandaragan,1619.21,1459
509021240,Merredin,1292.56,1740
509021241,Moora,2176.88,2232
509021242,Mukinbudin,1485.1,1771
509021243,Northam,209.01,658
509021244,Toodyay,128,354
509021245,York - Beverley,645.43,1221
509031246,Brookton,1148.07,2003
509031247,Kulin,2849.65,3634
509031248,Murray,58.2,221
509031249,Narrogin,107.11,231
509031250,Wagin,1805.38,2763
510011262,Broome,0.04,4
510011263,Derby - West Kimberley,395.31,35
510011264,Halls Creek,326.52,24
510011265,Kununurra,306.04,208
510011266,Roebuck,145.91,72
510021267,East Pilbara,222.88,40
510021268,Newman,24.57,2
510021269,Port Hedland,16.49,7
510021270,South Hedland,0,0
510031271,Ashburton (WA),160.41,55
510031272,Karratha,0,0
510031273,Roebourne,0.15,2
511011274,Esperance,367.66,358
511011275,Esperance Surrounds,1474.13,2352
511021276,Carnarvon,164.89,739
511021277,Exmouth,158.02,98
511031278,Boulder,0,0
511031279,Kalgoorlie,0,1
511031280,Kalgoorlie - North,0.45,2
511031281,Kalgoorlie Airport,0,0
511031282,Kambalda - Coolgardie - Norseman,45.93,41
511031283,Leinster - Leonora,17.58,42
511031284,Trafalgar (WA),0,0
511041285,Geraldton,14.5,28
511041286,Geraldton - East,5.25,34
511041287,Geraldton - North,11.26,54
511041288,Geraldton - South,0,0
511041289,Irwin,145.79,230
511041290,Meekatharra,100.7,143
511041291,Morawa,1197.69,2026
511041292,Northampton - Mullewa - Greenough,1548.43,1849
597979799,Migratory - Offshore - Shipping (WA),0,0
599999499,No usual address (WA),0,0
601011001,Bridgewater - Gagebrook,1.49,24
601011002,Brighton - Pontville,6.72,75
601011003,Old Beach - Otago,0.13,8
601021004,Bellerive - Rosny,0,0
601021005,Cambridge,11.91,63
601021006,Geilston Bay - Risdon,0,0
601021007,Howrah - Tranmere,0,0
601021008,Lindisfarne - Rose Bay,0,0
601021009,Mornington - Warrane,0,0
601021010,Risdon Vale,0,0
601021011,Rokeby,1.04,4
601021012,South Arm,1.54,20
601031013,Austins Ferry - Granton,1.08,8
601031014,Berriedale - Chigwell,0.42,8
601031015,Claremont (Tas.),0,0
601031016,Derwent Park - Lutana,0,0
601031017,Glenorchy,0,0
601031018,Montrose - Rosetta,0,0
601031019,Moonah,0,0
601031020,New Norfolk,0.52,4
601031021,West Moonah,0,0
601041022,Kingston - Huntingfield,2.3,7
601041023,Kingston Beach - Blackmans Bay,0.04,4
601041024,Margate - Snug,16.51,22
601041025,Mount Wellington,0,0
601041026,Taroona - Bonnet Hill,0,0
601051027,Hobart,0,0
601051028,Lenah Valley - Mount Stuart,0,0
601051029,Mount Nelson - Dynnyrne,0,0
601051030,New Town,0,0
601051031,Sandy Bay,0,0
601051032,South Hobart - Fern Tree,0,0
601051033,West Hobart,0.04,4
601061034,Dodges Ferry - Lewisham,33.59,67
601061035,Sorell - Richmond,113.92,277
602011036,Invermay,0,0
602011037,Kings Meadows - Punchbowl,1.15,4
602011038,Launceston,0.18,2
602011039,Legana,42.56,50
602011040,Mowbray,0,0
602011041,Newnham - Mayfield,0.15,5
602011042,Newstead,0,0
602011043,Norwood (Tas.),0,0
602011044,Prospect Vale - Blackstone,0.06,2
602011045,Ravenswood,0.03,2
602011046,Riverside,3.18,15
602011047,South Launceston,0,0
602011048,Summerhill - Prospect,0,0
602011049,Trevallyn,0,0
602011050,Waverley - St Leonards,0.12,5
602011051,West Launceston,0,0
602011052,Youngtown - Relbia,13.86,28
602021053,Beauty Point - Beaconsfield,35.36,155
602021054,Deloraine,629.72,920
602021055,Grindelwald - Lanena,42.18,186
602021056,Hadspen - Carrick,115.17,184
602021057,Westbury,197.68,642
602031058,Dilston - Lilydale,59.37,338
602031059,George Town,175.05,203
602031060,Longford,268.66,280
602031061,Northern Midlands,727.72,887
602031062,Perth - Evandale,65.6,182
602031064,St Helens - Scamander,89.57,192
602031099,Flinders and Cape Barren Islands,90.72,233
602031100,Scottsdale - Bridport,608.1,1238
603011065,Central Highlands,131.01,412
603011066,Derwent Valley,204.64,192
603011067,Southern Midlands,189.97,880
603011068,Wilderness - East,0,0
603021069,Bruny Island - Kettering,14.34,110
603021070,Cygnet,113.67,166
603021071,Geeveston - Dover,60.89,116
603021072,Huonville - Franklin,199.47,241
603031073,Forestier - Tasman,42.42,124
603031074,Triabunna - Bicheno,97.97,241
604011075,Acton - Upper Burnie,0.03,4
604011076,Burnie - Ulverstone Surrounds,357.82,1083
604011077,Burnie - Wivenhoe,0,2
604011078,Parklands - Camdale,5.83,55
604011079,Penguin - Sulphur Creek,84.47,126
604011080,Romaine - Havenview,0,0
604011081,Somerset,0.9,18
604011082,Ulverstone,15.34,76
604011083,West Ulverstone,1.29,19
604011084,Wynyard,3.61,72
604021085,Devonport,0,0
604021086,East Devonport,60.44,30
604021087,Latrobe,178.82,324
604021088,Miandetta - Don,53.49,48
604021089,Port Sorell,344.15,395
604021090,Quoiba - Spreyton,39.01,34
604021091,Sheffield - Railton,136.25,590
604021092,Turners Beach - Forth,122.91,247
604031093,King Island,140.48,299
604031094,North West,987.08,887
604031095,Smithton,169.8,132
604031096,Waratah,217.78,517
604031097,West Coast (Tas.),2.19,5
604031098,Wilderness - West,0,0
697979799,Migratory - Offshore - Shipping (Tas.),0,0
699999499,No usual address (Tas.),0,0
701011001,Darwin Airport,0,0
701011002,Darwin City,0,0
701011003,East Point,0,0
701011004,Fannie Bay - The Gardens,0,0
701011005,Larrakeyah,0,0
701011006,Ludmilla - The Narrows,0,0
701011007,Parap,0,0
701011008,Stuart Park,0,0
701011009,Woolner - Bayview - Winnellie,0,0
701021010,Alawa,0,0
701021011,Anula,0,0
701021012,Berrimah,0.8,5
701021013,Brinkin - Nakara,0,0
701021014,Buffalo Creek,0,0
701021015,Charles Darwin,0,0
701021016,Coconut Grove,0,0
701021017,East Arm,0,0
701021018,Jingili,0,0
701021019,Karama,0,0
701021020,Leanyer,0,0
701021021,Lyons (NT),0,0
701021022,Malak - Marrara,0,0
701021023,Millner,0,0
701021024,Moil,0,0
701021025,Nightcliff,0,0
701021026,Rapid Creek,0,0
701021027,Tiwi,0,0
701021028,Wagaman,0,0
701021029,Wanguri,0,0
701021030,Wulagi,0,0
701031031,Howard Springs,3,8
701031032,Humpty Doo,22.48,91
701031033,Koolpinyah,5.66,6
701031034,Virginia,1.32,8
701031035,Weddell,275.08,390
701041036,Bakewell,0,0
701041037,Driver,0,0
701041038,Durack - Marlow Lagoon,0,0
701041039,Gray,0,0
701041040,Moulden,0,0
701041041,Palmerston - North,0,0
701041042,Palmerston - South,0,0
701041043,Rosebery - Bellamack,0,0
701041044,Woodroffe,0,0
702011045,Charles,10.8,10
702011046,East Side,0,0
702011047,Flynn (NT),0,0
702011048,Larapinta,0,0
702011049,Mount Johns,3.15,2
702011050,Petermann - Simpson,69.34,28
702011051,Ross,0.09,4
702011052,Sandover - Plenty,136.56,46
702011053,Tanami,20.28,3
702011054,Yuendumu - Anmatjere,42.64,26
702021055,Barkly,628.77,52
702021056,Tennant Creek,0,0
702031057,Alligator,86.6,258
702031058,Daly,128.9,73
702031059,Thamarrurr,0,0
702031060,Tiwi Islands,0,0
702031061,West Arnhem,3.09,2
702041062,Anindilyakwa,0,0
702041063,East Arnhem,0,0
702041064,Nhulunbuy,0,0
702051065,Elsey,183.11,63
702051066,Gulf,19.83,7
702051067,Katherine,185.39,171
702051068,Victoria River,543.89,54
797979799,Migratory - Offshore - Shipping (NT),0,0
799999499,No usual address (NT),0,0
801011001,Aranda,0,0
801011002,Belconnen,0,0
801011003,Bruce,0,0
801011004,Charnwood,0,0
801011005,Cook,0,0
801011006,Dunlop,0,0
801011007,Evatt,0,0
801011008,Florey,0,0
801011009,Flynn (ACT),0,0
801011010,Fraser,0,0
801011011,Giralang,0,0
801011012,Gooromon,0,2
801011013,Hawker,0,0
801011014,Higgins,0,0
801011015,Holt,0,0
801011016,Kaleen,0,0
801011017,Latham,0,0
801011018,Lawson,0,0
801011019,Macgregor (ACT),0,0
801011020,Macquarie,0,0
801011021,McKellar,0,0
801011022,Melba,0,0
801011023,Page,0,0
801011024,Scullin,0,0
801011025,Spence,0,0
801011026,Weetangera,0,0
801011111,Molonglo Corridor,0.65,7
801011142,Macnamara,0,0
801011143,Strathnairn,0,0
801011144,West Belconnen,0.51,2
801031031,Hume,0,0
801031032,Kowen,0.3,6
801031113,Canberra East,4.83,12
801031114,Canberra Airport,0.09,2
801031115,Majura,2.14,23
801041034,Amaroo,0,0
801041035,Bonner,0,0
801041036,Casey,0,0
801041037,Crace,0,0
801041038,Forde,0,0
801041039,Franklin,0,0
801041040,Gungahlin,0,0
801041043,Hall,1.28,4
801041044,Harrison,0,0
801041045,Mitchell,0,0
801041046,Ngunnawal,0,0
801041047,Nicholls,0,0
801041048,Palmerston,0,0
801041116,Gungahlin - East,0,0
801041117,Gungahlin - West,0,0
801041118,Jacka,0,0
801041119,Kenny,0,0
801041120,Moncrieff,0,0
801041121,Taylor,0,0
801041122,Throsby,0,0
801051049,Acton,0,0
801051050,Ainslie,0,0
801051051,Braddon,0,0
801051053,Civic,0,0
801051054,Dickson,0,0
801051055,Downer,0,0
801051056,Hackett,0,0
801051057,Lyneham,0,0
801051058,O'Connor (ACT),0,0
801051060,Turner,0,0
801051061,Watson,0,0
801051123,Black Mountain,0,0
801051124,Campbell,0,0
801051125,Duntroon,0,0
801051126,Parkes (ACT) - North,0,0
801051127,Reid,0,0
801051128,Russell,0,0
801061062,Deakin,0,0
801061063,Forrest,0,0
801061064,Griffith (ACT),0,0
801061066,Lake Burley Griffin,0,0
801061067,Narrabundah,0,0
801061068,Parkes (ACT) - South,0,0
801061069,Red Hill (ACT),0,0
801061070,Yarralumla,7.65,4
801061129,Barton,0,0
801061130,Fyshwick,0.33,2
801061131,Kingston (ACT),0,0
801071071,Banks,0,0
801071072,Bonython,0,0
801071073,Calwell,0,0
801071074,Chisholm,0,0
801071075,Conder,0,0
801071076,Fadden,0,0
801071077,Gilmore,0,0
801071078,Gordon (ACT),0,0
801071079,Gowrie (ACT),0,0
801071080,Greenway,0,0
801071081,Isabella Plains,0,0
801071082,Kambah,0,0
801071083,Macarthur,0,0
801071084,Monash,0,0
801071085,Mount Taylor,0,0
801071086,Oxley (ACT),0,0
801071087,Richardson,0,0
801071088,Theodore,0,0
801071089,Tuggeranong,0,1
801071090,Wanniassa,0,0
801071132,Tuggeranong - West,2.07,6
801081091,Chapman,0,2
801081092,Duffy,0,0
801081093,Fisher,0,0
801081094,Holder,0,0
801081095,Rivett,0.36,3
801081096,Stirling,0,0
801081097,Waramanga,0,0
801081098,Weston,0,0
801081133,Scrivener,0,0
801091099,Chifley,0,0
801091100,Curtin,0,0
801091101,Farrer,0,0
801091102,Garran,0,0
801091103,Hughes,0,0
801091104,Isaacs,0,0
801091105,Lyons (ACT),0,0
801091106,Mawson,0,0
801091107,O'Malley,0,0
801091108,Pearce,0,0
801091109,Phillip,0,0
801091110,Torrens,0,0
801101134,Arboretum,0,0
801101135,Coombs,0,0
801101136,Denman Prospect,0,0
801101137,Molonglo,0,0
801101139,Wright,0,0
801101145,Molonglo - East,0,0
801101146,Whitlam,0,0
801111140,ACT - South West,12.38,42
801111141,Namadgi,0.51,2
897979799,Migratory - Offshore - Shipping (ACT),0,0
899999499,No usual address (ACT),0,0
901011001,Christmas Island,0,0
901021002,Cocos (Keeling) Islands,0,0
901031003,Jervis Bay,0,0
901041004,Norfolk Island,0,0
997979799,Migratory - Offshore - Shipping (OT),0,0
999999499,No usual address (OT),0,0
,Outside Australia,0,0
